Klinikname;Adresse;Ort;Kontakt;Bundesland;ICU low care¹;ICU high care²;ECMO³;Stand
St. Nikolas Stiftshostpital Andernach;Ernestusplatz 1;56626 Andernach;interdisziplinäre Intensivstation Website;RP;hr-icon-green;hr-icon-green;hr-icon-unavailable;22.03.2020                                                  12:30
Klinikum Weilheim ;Johann-Baur-Straße  4;82362 Weilheim;7 Website;BY;hr-icon-green;hr-icon-green;hr-icon-unavailable;22.03.2020                                                  13:05
Charité - Universitätsmedizin Berlin, Campus Mitte ;Philippstraße   10;10115 Berlin;103i Website;BE;hr-icon-green;hr-icon-green;hr-icon-green;22.03.2020                                                  11:36
St. Franziskus-Hospital Münster;Hohenzollernring 70;48145 Münster;Intensivstationen 19 und 22 Website;NRW;hr-icon-green;hr-icon-green;hr-icon-green;22.03.2020                                                  10:51
Malteser Krankenhaus St. Hildegardis;Bachemer Str. 29-33;50931 Köln;Interdisziplinäre Intensivstation Website;NRW;hr-icon-green;hr-icon-green;hr-icon-unavailable;22.03.2020                                                  10:26
Klinikum Karlsburg;Greifswalder Str. 11A;17495 Karlsburg;Intensivtherapiestation Website;MV;hr-icon-green;hr-icon-green;hr-icon-green;22.03.2020                                                  09:29
Herz- und Gefäßzentrum Bad Bevensen;Römstedter Straße 25;29549 Bad Bevensen;Interdisziplinäre Intensivstation Website;NI;hr-icon-green;hr-icon-green;hr-icon-green;21.03.2020                                                  22:05
Ev. Diakonissenkrankenhaus Leipzig;Gerog-Schwarz-Str. 49;4177 Leipzig;Intensivstation Website;SN;hr-icon-green;hr-icon-green;hr-icon-unavailable;21.03.2020                                                  21:10
Karl-Olga-Krankenhaus Stuttgart;Hackstraße 61;70190 Stuttgart;A5 Website;BW;hr-icon-red;hr-icon-yellow;hr-icon-unavailable;21.03.2020                                                  19:09
Deutsches Herzzentrum Berlin;Augustenburger Platz  1;13353 Berlin;Kardiochirurgische Intensivmedizin Website;BE;hr-icon-red;hr-icon-yellow;hr-icon-yellow;21.03.2020                                                  19:00
Klinik Schillerhöhe Robert-Bosch-Krankenhaus;Solitudestrasse  18;70839 Gerlingen;Intensiv Website;BW;hr-icon-green;hr-icon-green;hr-icon-green;21.03.2020                                                  16:28
Sana Klinik Oldenburg in Holstein;Mühlenamp  5;23758 Oldenburg;Intensivstation Website;SH;hr-icon-green;hr-icon-green;hr-icon-unavailable;21.03.2020                                                  16:02
Klinik Hallerwiese;St. Johannis-Mühlgasse 19;90419 Nürnberg;Intensivstation Website;BY;hr-icon-green;hr-icon-green;hr-icon-unavailable;21.03.2020                                                  15:35
Klinik Neustadt an der Aisch;Paracelsusustr.  30;91413 Neustadt/Aisch;Intensivstation Website;BY;hr-icon-green;hr-icon-green;hr-icon-unavailable;21.03.2020                                                  15:49
KMG Klinikum Pritzwalk;Giesensdorfer Weg 2a;16928 Pritzwalk;Intensivtation Website;BB;hr-icon-green;hr-icon-green;hr-icon-unavailable;22.03.2020                                                  10:37
Kliniken des Landkreises Neumarkt i.d.OPf. / Klinikum Neumarkt;Nürnberger Straße 5;92318 Neumarkt i.d.OPf.;Intensivstation 1A Website;BY;hr-icon-red;hr-icon-green;hr-icon-unavailable;22.03.2020                                                  08:00
Helios St. Marienberg Klinik Helmstedt;Conringstrasse 26;38350 Helmstedt;11/12 Website;NI;hr-icon-green;hr-icon-green;hr-icon-unavailable;22.03.2020                                                  11:00
Helios Klinikum München West;Steinerweg 5;81241 München;2A ICU Website;BY;hr-icon-red;hr-icon-green;hr-icon-unavailable;21.03.2020                                                  13:59
Asklepiosklinik Melsungen;Kasselerstr. 80;34212 Melsungen;Website;0;hr-icon-green;hr-icon-green;hr-icon-unavailable;21.03.2020                                                  14:18
St. Elisabeth Krankenhaus Jülich;Kurfürstenstr. 22;52428 Jülich;Interdisziplinäre Intensivstation Website;NRW;hr-icon-green;hr-icon-green;hr-icon-unavailable;21.03.2020                                                  13:21
Helios St. Marienberg Klinik Helmstedt;Conringstraße 26;38350 Helmstedt;ITS / Covid19 Website;NI;hr-icon-green;hr-icon-green;hr-icon-unavailable;21.03.2020                                                  13:33
Klinikum Christophsbad Göppingen;Faurndauer Straße 6-28;73035 Göppingen;NE 1 Website;BW;hr-icon-green;hr-icon-red;hr-icon-unavailable;21.03.2020                                                  13:08
Krankenhaus Düren gGmbH;Roonstr.  30;52351 Düren;1b und 2C Website;NRW;hr-icon-yellow;hr-icon-yellow;hr-icon-unavailable;21.03.2020                                                  12:56
Asklepios Klinikum Schwalmstadt;Krankenhausstraße  27;34613 Schwalmstadt;Intensivstation Website;HE;hr-icon-green;hr-icon-green;hr-icon-unavailable;21.03.2020                                                  12:47
Heinrich-Braun-Klinikum Zwickau gGmbH, Intensivbereiche;Karl-Keil-Str. 35 ;8060 Zwickau;Intensivbereiche Website;SN;hr-icon-yellow;hr-icon-yellow;hr-icon-yellow;21.03.2020                                                  12:42
Westküstenklinikum Heide;Esmarchstrasse  50;25746 Heide;Interdisziplinäre Intensivstation Website;SH;hr-icon-red;hr-icon-green;hr-icon-yellow;21.03.2020                                                  12:40
DRK Krankenhaus Altenkirchen ;Leuzbacherweg  21;57610 Altenkirchen;Intensiv  Website;RP;hr-icon-green;hr-icon-yellow;hr-icon-unavailable;22.03.2020                                                  09:37
St. Elisabeth-Hospital Beckum ;Elisabethstraße  10;59269 Beckum;Intensivstation Website;NRW;hr-icon-yellow;hr-icon-green;hr-icon-unavailable;22.03.2020                                                  11:51
Klinikum Mittleres Erzgebirge;Alte Marienberger Str.  52;9405 Zschopau;ITS/IMC Website;SN;hr-icon-green;hr-icon-yellow;hr-icon-unavailable;21.03.2020                                                  11:23
Charité, Campus Virchow-Klinikum , Chirurgische Klinik, ITS 21i Schwerpunkt Transplantation;Augustenburger Platz 1;13353 Berlin;21i Website;BE;hr-icon-yellow;hr-icon-yellow;hr-icon-unavailable;22.03.2020                                                  09:19
Evang. Amalie Sieveking Krankenhaus;Haselkamp  33;22359 Hamburg;Intensiv Website;HH;hr-icon-green;hr-icon-green;hr-icon-unavailable;22.03.2020                                                  10:11
Städtsiches Krankenhaus Nettetal GmbH;Sassenfelderkirchweg 1;41334 Nettetal;Intensiv Website;NRW;hr-icon-green;hr-icon-green;hr-icon-unavailable;22.03.2020                                                  11:27
Darmstädter Kinderkliniken Prinzessin Margaret;Dieburger Str.  31;64287 Darmstadt;Station D Website;HE;hr-icon-green;hr-icon-green;hr-icon-unavailable;21.03.2020                                                  10:22
Universitätsklinikum Frankfurt am Main;Theodor-Stern-Kai 7;60590 Frankfurt am Main;C1, anästh.-operative Intensivstation Website;HE;hr-icon-green;hr-icon-green;hr-icon-green;22.03.2020                                                  10:02
Antonius Krankenhaus Köln;Schillerstrasse 23;50968 Köln;Intenisvstation Website;NRW;hr-icon-yellow;hr-icon-green;hr-icon-unavailable;22.03.2020                                                  11:11
Sana Kliniken Ostholstein GmbH - Klinik Eutin;Hospitalstraße  22;23701 Eutin;interdisziplinäre Intensivstation Website;SH;hr-icon-green;hr-icon-green;hr-icon-unavailable;21.03.2020                                                  10:05
AGAPLESION Ev. Krankenhaus Mittelhessen;Paul-Zipp-Straße 171;35398 Gießen;Website;HE;hr-icon-green;hr-icon-green;hr-icon-green;22.03.2020                                                  10:33
Städtische Kliniken Mönchengladbach;Hubertusstraße  100;41239 Mönchengladbach;Interdisziplinäre Intensivstation Website;NRW;hr-icon-green;hr-icon-green;hr-icon-unavailable;22.03.2020                                                  09:47
Helios Klinik Blankenhain;Wirthstraße 5;99444 Blankenhain;Intensivstation Website;TH;hr-icon-green;hr-icon-green;hr-icon-unavailable;21.03.2020                                                  23:51
Kreisklinik Bogen;Mussinanstraße 8;94327 Bogen;2.2 Website;BY;hr-icon-green;hr-icon-green;hr-icon-unavailable;21.03.2020                                                  08:42
Helios Klinik Wipperfürth;Alte Kölner Straße  9;51688 Wipperfürth;1C Intensivstation Website;NRW;hr-icon-green;hr-icon-green;hr-icon-unavailable;22.03.2020                                                  09:21
Klinikum Bielefeld gGmbH;Teutoburger Straße 50;33604 Bielefeld;KAINS - Intensivkoordination Website;NRW;hr-icon-red;hr-icon-green;hr-icon-yellow;22.03.2020                                                  08:43
St. Elisabeth Hospital Iserlohn;Hochstraße 63;58638 Iserlohn;Intensivstation Website;NRW;hr-icon-green;hr-icon-green;hr-icon-unavailable;20.03.2020                                                  23:26
Klinik Kitzinger Land;Keltenstraße  67;97318 Kitzingen;Interdisziplinäre Intensivstation Website;BY;hr-icon-yellow;hr-icon-green;hr-icon-unavailable;22.03.2020                                                  12:48
Asklepios Klinik Seligenstadt;Dudenhöfer Straße 9;63500 Seligenstadt;Intensivstation Website;HE;hr-icon-yellow;hr-icon-red;hr-icon-unavailable;20.03.2020                                                  22:13
OSK Westallgäuklinikum Wangen;Am Engelberg 29;88239 Wangen im Allgäu;Interdisziplinäre Intensivstation Website;BW;hr-icon-green;hr-icon-green;hr-icon-unavailable;22.03.2020                                                  10:52
Bethanien Krankenhaus Solingen ;Aufderhöher Straße 169;42699 Solingen;Intensivstation  Website;NRW;hr-icon-green;hr-icon-green;hr-icon-green;20.03.2020                                                  22:07
Kreiskliniken Darmstadt-Dieburg Standort Jugenheim;Hauptstrasse 30;64342 Seeheim-Jugenheim;Intensivstation Website;HE;hr-icon-green;hr-icon-green;hr-icon-unavailable;21.03.2020                                                  23:04
St. Willibrord-Spital Emmerich-Rees;Willibrordstraße 9;46446 Emmerich;Intensivstation Website;NRW;hr-icon-green;hr-icon-green;hr-icon-unavailable;22.03.2020                                                  08:02
Euregio-Klinik Albert-Schweitzer-Straße;Albert-Schweitzer-Straße 10;48527 Nordhorn;Interdisziplinäre Intensivstation Website;NI;hr-icon-green;hr-icon-green;hr-icon-unavailable;21.03.2020                                                  13:37
St.- Elisabeth Krankenhaus Dorsten;Pfarrer-Wilhelm-Schmitz-Straße  2;46282 Dorsten;Intensivstation Website;NRW;hr-icon-green;hr-icon-green;hr-icon-unavailable;22.03.2020                                                  08:11
Helios Klinikum Krefeld;Lutherplatz 40;47805 Krefeld;B1A1/B1C1/B1A2/B1B2/A2A1/A1A1-D Website;NRW;hr-icon-green;hr-icon-green;hr-icon-green;20.03.2020                                                  19:46
Evangelisches Klinikum Bethel, Bethel;Burgsteig  13;33617 Bielefeld;M1, M10, K1, K2, AN-01, AN-02 Website;NRW;hr-icon-green;hr-icon-green;hr-icon-unavailable;22.03.2020                                                  11:35
Klinik Neustadt a. d. Aisch;Paracelsusstrasse  30;91413 Neustadt a. d. Aisch;Intensivstation Website;BY;hr-icon-red;hr-icon-green;hr-icon-unavailable;22.03.2020                                                  11:34
Helios Klinikum Niederberg;Robert-Koch-Straße  2;42549 Velbert;Intensivstation Station 14 Website;NRW;hr-icon-green;hr-icon-yellow;hr-icon-unavailable;22.03.2020                                                  11:41
medius KLINIKEN KIRCHHEIM|NÜRTINGEN;Charlottenstraße  10;73230 Kirchheim unter Teck;Website;BW;hr-icon-yellow;hr-icon-green;hr-icon-unavailable;22.03.2020                                                  09:21
Paracelsus-Klinik Zwickau;Werdauer Straße  68;8060 Zwickau;ITS Website;SN;hr-icon-yellow;hr-icon-yellow;hr-icon-unavailable;20.03.2020                                                  19:04
medius KLINIK OSTFILDERN-RUIT;Hedelfinger Straße  166  ;73760 Ostfildern;Website;BW;hr-icon-yellow;hr-icon-yellow;hr-icon-unavailable;22.03.2020                                                  09:20
Robert-Bosch Krankenhaus;Auerbachstr. 110;70376 Stuttgart;Innere Intensivstation 1D Website;BW;hr-icon-green;hr-icon-green;hr-icon-yellow;20.03.2020                                                  18:45
Vivantes Humboldt-Klinikum;Am Nordgraben  2;13509 Berlin;19 Website;BE;hr-icon-green;hr-icon-green;hr-icon-unavailable;20.03.2020                                                  18:45
Oberschwabenklinik Bad Waldsee;Robert-Koch-Strasse  38;88339 Bad Waldsee;ITS Website;BW;hr-icon-red;hr-icon-green;hr-icon-unavailable;20.03.2020                                                  18:42
Allgemeines Krankenhaus Celle;Siemensplatz 4;29223 Celle;M0 Website;NI;hr-icon-green;hr-icon-green;hr-icon-unavailable;20.03.2020                                                  18:39
Charité CVK Kinderklinik (OHC) - interdisziplinäre Kinderintensivstation;Augustenburger Platz  1;13353 Berlin;Station 25i Website;BE;hr-icon-green;hr-icon-yellow;hr-icon-unavailable;20.03.2020                                                  18:46
Caritaskrankenhaus Bad Mergentheim;Uhlandstrasse 7;97980 Bad Mergentheim;Z1/ Z2 Website;BW;hr-icon-green;hr-icon-green;hr-icon-unavailable;20.03.2020                                                  18:41
AK Nord, Hamburg, Pädiatrische Intensivstation;Tangstedter Landstr.  400;22417 Hamburg;Pädiatrische Intensivstation H71B Website;HH;hr-icon-green;hr-icon-green;hr-icon-unavailable;20.03.2020                                                  18:34
Klinikum Kempten, Klinikverbund Allgäu;Robert-Weixler-Straße 50;87439 Kempten;Interdisziplinäre Intensivstation D01 Website;BY;hr-icon-green;hr-icon-green;hr-icon-unavailable;21.03.2020                                                  07:56
MediClin Herzzentrum Coswig;Lerchenfeld  1;6869 Coswig;ITS/IMC Website;ST;hr-icon-green;hr-icon-green;hr-icon-green;20.03.2020                                                  18:33
SLK-Klinikum am Gesundbrunnen Heilbronn;Am Gesundbrunnen 20-26;74078 Heilbronn;Website;BW;hr-icon-green;hr-icon-green;hr-icon-green;21.03.2020                                                  22:39
MEDICLIn Müritz-Klinikum;Weinbergstrasse 19;17192 Waren;ITS Website;MV;hr-icon-green;hr-icon-green;hr-icon-unavailable;20.03.2020                                                  18:25
Asklepios Klinik Oberviechtach;Teunzer Str.  15;92526 Oberviechtach;IMC Website;BY;hr-icon-green;hr-icon-red;hr-icon-unavailable;22.03.2020                                                  00:40
Charité Universitätsmedizin Medizinische Klinik für Kardiologie CBF;Hindenburgdamm  30;12200 Berlin;s32a Website;BE;hr-icon-green;hr-icon-yellow;hr-icon-green;22.03.2020                                                  11:43
Klinikum Itzehoe;Robert-Koch-Str.  2;25524 Itzehoe;19, 10, 01 Website;SH;hr-icon-green;hr-icon-green;hr-icon-unavailable;21.03.2020                                                  13:19
ALB FILS KLINIKEN, Standort: Klinik am Eichert;Eichertstr. 3;73035 Göppingen;Zentrum für Intensivmedizin Website;BW;hr-icon-green;hr-icon-green;hr-icon-unavailable;22.03.2020                                                  10:03
Universitätsklinikum Marburg UKGM;Baldinger Str ;35043 Marburg;Intensivstation 2a/b Website;HE;hr-icon-green;hr-icon-green;hr-icon-green;20.03.2020                                                  17:31
St. Vinzenz-Krankenhaus;Schloßstr.  85;40477 Düsseldorf;Intensivstation, interdisziplinär Website;NRW;hr-icon-green;hr-icon-green;hr-icon-unavailable;20.03.2020                                                  17:26
Israelitisches Krankenhaus;Orchideenstieg 14;22297 Hamburg;Intensivstation Website;HH;hr-icon-green;hr-icon-green;hr-icon-unavailable;20.03.2020                                                  17:19
Evangelisches Klinikum Bethel, Johannesstift ;Schildescher Strasse  99;33611 Bielefeld;Website;NRW;hr-icon-yellow;hr-icon-green;hr-icon-unavailable;22.03.2020                                                  11:47
AMEOS Klinikum Schönebeck;Am Gradierwerk 3;39218 Schönebeck;Innere ITS Website;ST;hr-icon-green;hr-icon-green;hr-icon-unavailable;22.03.2020                                                  11:06
REGIOMED Klinikum Coburg;Ketschendorfer Str. 33;96450 Coburg;41/42 Website;BY;hr-icon-green;hr-icon-green;hr-icon-green;22.03.2020                                                  11:14
Malteser Krankenhaus St. Carolus;Carolusstraße 212;2827 Görlitz;Website;SN;hr-icon-green;hr-icon-green;hr-icon-unavailable;20.03.2020                                                  16:56
Helios Klinikum Hildesheim internistische Intensiv;Senator Braun Allee 33;31135 Hildesheim;B2 Intensiv Website;NI;hr-icon-red;hr-icon-yellow;hr-icon-unavailable;20.03.2020                                                  16:52
St. Josef Hospital Med. Klinik I (Kardiologie-Intensivmedizin);Elmarstr.  38;33014 Bad Driburg;Kardiologie - Intensivstation Website;NRW;hr-icon-green;hr-icon-green;hr-icon-unavailable;22.03.2020                                                  13:53
Klinikum Worms;Gabriel-von-Seidl-Str.  81;67550 Worms;Interdisziplinäre Intensivstationen Website;RP;hr-icon-green;hr-icon-green;hr-icon-unavailable;20.03.2020                                                  16:34
Drk Kliniken Berlin Westend;Spandauer Damm 130 ;14050 Berlin;Intensivstation Website;BE;hr-icon-green;hr-icon-green;hr-icon-unavailable;22.03.2020                                                  08:28
Asklepios Paulinen Klinik Wiesbaden;Geisenheimer Str.  10;65197 Wiesbaden;Intensivstation  Website;HE;hr-icon-green;hr-icon-green;hr-icon-unavailable;20.03.2020                                                  16:30
Kinderklinik und Kinderpoliklinik im Dr. von Haunerschen Kinderspital der LMU München;Lindwurmstr.  4;80337 München;Interdisziplinäre Kinderintensivstation Website;BY;hr-icon-green;hr-icon-green;hr-icon-unavailable;20.03.2020                                                  16:07
Kreiskrankenhaus Prenzlau;Stettiner Str.  121;17291 Prenzlau;ITS Website;BB;hr-icon-green;hr-icon-yellow;hr-icon-unavailable;21.03.2020                                                  09:32
Marien-Hospital;Hervester Str.  57;45768 Marl;Interdisziplinäre Intensivstation Website;NRW;hr-icon-green;hr-icon-green;hr-icon-unavailable;22.03.2020                                                  09:53
Klinikum am Steinenberg;Steinenbergstraße 31;72764 Reutlingen;D5i Website;BW;hr-icon-green;hr-icon-green;hr-icon-green;20.03.2020                                                  15:38
Herz jesu Krankenhaus Münster-Hiltrup;Westfalenstrasse 109;48165 Münster;Intensivstation 1b Website;NRW;hr-icon-green;hr-icon-green;hr-icon-unavailable;21.03.2020                                                  18:27
Evangelisches Stadtkrankenhaus Saarbrücken;Großherzog Friedrich Str. 44;66111 Saarbrücken;Interdisziplinäre Intensivstation Website;SL;hr-icon-green;hr-icon-green;hr-icon-unavailable;20.03.2020                                                  15:34
Filderklinik;Im Haberschlai  7;70794 Filderstadt;Intensiv Website;BW;hr-icon-green;hr-icon-green;hr-icon-unavailable;22.03.2020                                                  12:47
Asklepios Südpfalzklinik Germersheim;An Fronte Karl 2;76726 Germersheim;Intensivstation Website;RP;hr-icon-green;hr-icon-green;hr-icon-unavailable;20.03.2020                                                  15:30
Heilig Geist-Krankenhaus;Graseggerstr. 105;50737 Köln;interdisziplinäre Intensivstation Website;NRW;hr-icon-yellow;hr-icon-yellow;hr-icon-unavailable;21.03.2020                                                  12:16
Altonaer Kinderkrankenhaus;Bleickenallee 38;22763 Hamburg;Kinderintensivstation Website;HH;hr-icon-green;hr-icon-green;hr-icon-unavailable;20.03.2020                                                  15:17
Sana HANSE-Klinikum Wismar GmbH;Störtebekerstraße 6;23966 Wismar;C2 Website;MV;hr-icon-green;hr-icon-green;hr-icon-unavailable;20.03.2020                                                  15:15
Asklepios Stadtklinik Bad Wildungen;Brunnenallee 19;34537 Bad Wildungen;Intensivstation Website;HE;hr-icon-red;hr-icon-green;hr-icon-unavailable;22.03.2020                                                  09:37
Klinikum Ernst von Bergmann Potsdam;Charlottenstraße 72;14467 Potsdam;Website;BB;hr-icon-green;hr-icon-green;hr-icon-unavailable;20.03.2020                                                  15:06
MEDIAN Klinik NRZ Magdeburg;Gustav-Ricker-Straße 4;39120 Magdeburg;Website;ST;hr-icon-red;hr-icon-red;hr-icon-unavailable;20.03.2020                                                  14:53
Klinikum Westfalen - Knappschaftskrankenhaus Dortmund;Am Knappschaftskrankenhaus 1;44309 Dortmund;Zentrum Interdisziplinäre Intensivmedizin Website;NRW;hr-icon-green;hr-icon-green;hr-icon-green;22.03.2020                                                  09:39
Evangelische Lungenklinik Berlin;Lindenberger Weg  27;13125 Berlin;Intensivstation 2 Website;BE;hr-icon-yellow;hr-icon-red;hr-icon-unavailable;20.03.2020                                                  14:40
COLLM KLINIK OSCHATZ;Parkstraße  1;4758 Oschatz;Intensivstation Website;SN;hr-icon-red;hr-icon-green;hr-icon-unavailable;20.03.2020                                                  14:11
Herzzentrum Leipzig;Strümpellstraße  39;4289 Leipzig;Website;SN;hr-icon-green;hr-icon-green;hr-icon-green;22.03.2020                                                  09:58
KMG Klinikum Kyritz;Perleberger Str. 31a ;16866 Kyritz;ITS / IMC Website;BB;hr-icon-yellow;hr-icon-green;hr-icon-unavailable;22.03.2020                                                  11:56
Carl-von-Basedow-Klinikum ;Weiße Mauer 52;6217 Merseburg;Website;ST;hr-icon-green;hr-icon-green;hr-icon-green;21.03.2020                                                  15:18
Evangelisches Krankenhaus Lippstadt gGmbH;Wiedenbrücker Str. 33;59555 Lippstadt;ITS Website;NRW;hr-icon-green;hr-icon-green;hr-icon-unavailable;20.03.2020                                                  14:06
Diakomed - Diakoniekrankenhaus Chemnitzer Land gGmbH;Limbacher Straße 19b;9232 Hartmannsdorf;Interdisziplinäre Intensivtherapiestation Website;SN;hr-icon-green;hr-icon-green;hr-icon-unavailable;21.03.2020                                                  07:43
Krankenhaus Barmherzige Brüder Regensburg;Prüfeninger Straße  86;93049 Regensburg;IVK Website;BY;hr-icon-green;hr-icon-green;hr-icon-green;22.03.2020                                                  12:19
Hochwaldkrankenhaus Bad Nauheim;Chaumontplatz  1;61231 Bad Nauheim;interdisziplinäre Intensivstation Website;HE;hr-icon-yellow;hr-icon-red;hr-icon-unavailable;20.03.2020                                                  13:40
St. Marien-Krankenhaus Siegen GmbH;Kampenstraße 51;57072 Siegen;A0 Website;NRW;hr-icon-yellow;hr-icon-yellow;hr-icon-unavailable;20.03.2020                                                  17:45
Fachkrankenhaus Hubertusburg gGmbH;Hubertusburger-Str.  63;4779 Wermsdorf;Neurologische Intensivstation Website;SN;hr-icon-yellow;hr-icon-red;hr-icon-unavailable;20.03.2020                                                  13:34
Asklepios Orthopädische Klinik Hohwald;Hohwaldstraße 40;1844 Neustadt (Sachsen);IMC Website;SN;hr-icon-green;hr-icon-green;hr-icon-unavailable;20.03.2020                                                  13:27
Pleissentalklinik Werdau;Ronneburger Straße 106;8412 Werdau;11 Website;SN;hr-icon-green;hr-icon-green;hr-icon-unavailable;21.03.2020                                                  14:23
Asklepios Klinik Nord;Tangstedter Landstrasse  400;22417 Hamburg;Intensivstation Website;HH;hr-icon-red;hr-icon-yellow;hr-icon-green;20.03.2020                                                  17:38
Asklepios Klinik Pasewalk;Prenzlauer Chaussee 30;17309 Pasewalk;Intensivstation Website;MV;hr-icon-green;hr-icon-green;hr-icon-unavailable;20.03.2020                                                  13:25
Kreiskrankenhaus Prignitz;Dobberziner Strasse  112;19348 Perleberg;ITS Website;BB;hr-icon-green;hr-icon-yellow;hr-icon-unavailable;21.03.2020                                                  12:10
SRH Klinikum Karlsbad-Langensteinbach GmbH;Guttmannstrasse  1;76307 Karlsbad-Langensteinbach;Website;BW;hr-icon-green;hr-icon-green;hr-icon-unavailable;22.03.2020                                                  10:41
Sächsische Schweiz Klinik Sebnitz;Dr.-Steudner-Str.  75b;1829 Sebnitz;Interdisziplinäre Intensivstation Website;SN;hr-icon-yellow;hr-icon-yellow;hr-icon-unavailable;20.03.2020                                                  12:55
Kreiskliniken Günzburg-Krumbach, Klinik Günzburg;Ludwig Heilmeyer Strasse 1;89312 Günzburg;GS8 Intensiv Website;BY;hr-icon-green;hr-icon-green;hr-icon-unavailable;21.03.2020                                                  12:23
Vivantes Klinikum Spandau;Neue Bergstraße 6;13585 Berlin;Website;BE;hr-icon-green;hr-icon-green;hr-icon-unavailable;20.03.2020                                                  12:30
Vivantes Friedrichshain;Landsberger Allee 49;10249 Berlin;Website;BE;hr-icon-green;hr-icon-green;hr-icon-green;21.03.2020                                                  16:03
Leopoldina Krankenhaus Schweinfurt;Gustav-Adolf-Str.  8;97422 Schweinfurt;Intensivstationen Website;BY;hr-icon-green;hr-icon-green;hr-icon-unavailable;22.03.2020                                                  08:06
Vivantes Humboldt Krankenhaus;Am Nordgraben 2;13509 Berlin;Website;BE;hr-icon-green;hr-icon-green;hr-icon-unavailable;20.03.2020                                                  12:23
Knappschaftskrankenhaus Recklinghausen;Dorstener Str.  151;45657 Recklinghausen;Intensivstation Website;NRW;hr-icon-green;hr-icon-green;hr-icon-unavailable;20.03.2020                                                  12:20
Caritas-Klinik Dominikus Berlin-Reinickendorf;Kurhausstrasse 30;13467 Berlin;Interdiziplinäre Intensivstation Website;BE;hr-icon-green;hr-icon-green;hr-icon-unavailable;22.03.2020                                                  11:28
Vivantes Auguste Viktoria Krankenhaus - AVK;Rubensstraße 125;12157 Berlin;Website;BE;hr-icon-green;hr-icon-green;hr-icon-unavailable;20.03.2020                                                  12:20
Klinikum Mittelmosel Zell;Barlstrasse 7;56856 Zell;Intensivstation Website;RP;hr-icon-green;hr-icon-yellow;hr-icon-unavailable;20.03.2020                                                  12:20
Paracelsus-Klinik Marl;Lipper Weg 11;45770 Marl;Intensivstation Website;NRW;hr-icon-green;hr-icon-green;hr-icon-unavailable;20.03.2020                                                  12:15
Mariannen-Hospital Werl;Unnaerstr. 15;59457 Werl;Intensiv Website;NRW;hr-icon-green;hr-icon-green;hr-icon-unavailable;20.03.2020                                                  12:12
SRH Waldklinikum Gera;Straße des Friedens 122;7548 Gera;Interdisziplinäre Intensivstation Website;TH;hr-icon-yellow;hr-icon-yellow;hr-icon-unavailable;20.03.2020                                                  12:10
KKH Demmin;Wollweberstr.  ;17109 Demmin;ITS Website;MV;hr-icon-green;hr-icon-yellow;hr-icon-unavailable;22.03.2020                                                  12:56
Ev. Krankenhaus Göttingen Weende;An der Lutter 24;0 Göttingen;Interdisziplinäre Intensivstation Website;NI;hr-icon-green;hr-icon-green;hr-icon-unavailable;20.03.2020                                                  12:03
Städt. Klinikum Lüneburg gGmbH;Bögelstr 1;21335 Lüneburg;Website;NI;hr-icon-green;hr-icon-green;hr-icon-unavailable;22.03.2020                                                  09:32
Marienhausklinikum Eifel, Standort Bitburg;Krankenhausstraße  1;54634 Bitburg;6 Website;RP;hr-icon-green;hr-icon-green;hr-icon-unavailable;20.03.2020                                                  11:55
Klinikum Dahme Spreewald GmbH, Spreewaldklinik Lübben;Schillerstraße 29;15907 Lübben;ITS Website;BB;hr-icon-red;hr-icon-green;hr-icon-unavailable;22.03.2020                                                  09:55
Krankenhaus vom Roten Kreuz Bad Cannstatt GmbH;Badstraße 35-37;70372 Stuttgart;Internistische Intensivstation Website;BW;hr-icon-red;hr-icon-red;hr-icon-unavailable;22.03.2020                                                  12:32
St. Josefs-Krankenhaus Potsdam-Sanssouci;Allee nach Sanssouci  7;14471 Potsdam;Interdisziplinäre Intensivstation Website;BB;hr-icon-yellow;hr-icon-green;hr-icon-unavailable;20.03.2020                                                  11:39
Asklepios Südpfalzklinik Kandel;Luitpoldstraße 14;76870 Kandel;Intensiv/IMC Website;RP;hr-icon-green;hr-icon-green;hr-icon-unavailable;20.03.2020                                                  10:57
St. Franziskus-Hospital Lohne;Franziskusstraße 6;49393 Lohne;10 Website;NI;hr-icon-yellow;hr-icon-green;hr-icon-unavailable;22.03.2020                                                  09:33
radprax Krankenhaus Plettenberg;Ernst-Moritz-Arndt-Str.  17;58840 Plettenberg;5 Website;NRW;hr-icon-green;hr-icon-green;hr-icon-unavailable;20.03.2020                                                  10:37
Krankenhaus St. Josef  Schweinfurt;Ludwigstrasse  1;97421 Schweinfurt;Interdisziplinäre Intensivstation Website;BY;hr-icon-green;hr-icon-green;hr-icon-unavailable;22.03.2020                                                  10:28
Kardinal v. Galen Klinik, St. Elisabeth Damme;Lindenstraße 3-7;49401 Damme;ICU Website;NI;hr-icon-green;hr-icon-green;hr-icon-unavailable;20.03.2020                                                  10:28
KJF Klinik St. Elisabeth;Müller-Gnadenegg-Weg 4;86633 Neuburg a.d. Donau;interdisziplinäre Intensivstation Website;BY;hr-icon-green;hr-icon-green;hr-icon-unavailable;22.03.2020                                                  11:04
Schön Klinik Neustadt;Am Kiebitzberg 10;23730 Neustadt;Website;SH;hr-icon-green;hr-icon-green;hr-icon-unavailable;20.03.2020                                                  10:20
Klinikum Passau, Klinik für Anästhesiologie und operative Intensivmedizin;Innstraße  76;94032 Passau;Intensivstationen 24 und 24a Website;BY;hr-icon-green;hr-icon-green;hr-icon-green;21.03.2020                                                  22:46
Universitätsklinikum Leipzig, Kinderklinik;Liebigstraße  20a;4103 Leipzig;Interdisziplinäre Kinderintensivstation Website;SN;hr-icon-green;hr-icon-green;hr-icon-unavailable;20.03.2020                                                  10:03
Helios Park-Klinikum Leipzig;Strümpelstraße  41;4289 Leipzig;Website;SN;hr-icon-red;hr-icon-green;hr-icon-unavailable;22.03.2020                                                  09:26
Maria-Theresia-Klinik;Bavariaring  46;80336 München;Station 3 Website;BY;hr-icon-green;hr-icon-green;hr-icon-unavailable;20.03.2020                                                  09:56
Kreiskrankenhaus Bergstraße ;Viernheimerstraße 2;64646 Heppenheim;Interdisziplinäre Intensivstation Website;HE;hr-icon-yellow;hr-icon-yellow;hr-icon-unavailable;20.03.2020                                                  10:54
Klinikum Landau-Südliche Weinstraße GmbH, Standort Landau;Bodelschwinghstraße  11;76829 Landau in der Pfalz;Intensivstation Website;RP;hr-icon-green;hr-icon-yellow;hr-icon-unavailable;20.03.2020                                                  09:47
Marienhospital Wesel;Pastor-Janssen-Str.  8-38;46483 Wesel;Interdisziplinäre Intensivstation Website;NRW;hr-icon-green;hr-icon-green;hr-icon-unavailable;20.03.2020                                                  15:41
Krankenhaus Waldfriede;Argentinische Allee 40 ;14163 Berlin;Interdisziplinäre Intensivstation Website;BE;hr-icon-green;hr-icon-green;hr-icon-unavailable;20.03.2020                                                  09:30
Klinik Amsee GmbH;Amsee  6;17192 Waren (Müritz);Website;MV;hr-icon-green;hr-icon-green;hr-icon-unavailable;20.03.2020                                                  09:25
Park-Klinik Weissensee;Schönstraße 80;13186 Berlin;Intensivstation Website;BE;hr-icon-green;hr-icon-green;hr-icon-unavailable;22.03.2020                                                  10:02
Evangelische Krankenhaus (EvK) Herne-Mitte;Wiescherstr. 24;44625 Herne;Intensivstation Website;NRW;hr-icon-green;hr-icon-yellow;hr-icon-unavailable;22.03.2020                                                  11:32
Klinikum Altenburgerland;Am Waldessaum 10;4600 Altenburg;25 Website;TH;hr-icon-green;hr-icon-green;hr-icon-unavailable;22.03.2020                                                  10:57
Heliosklinikum Warburg;Hüffertstraße  50;34114 Warburg;Intensivstation/IMC Website;NRW;hr-icon-green;hr-icon-green;hr-icon-unavailable;22.03.2020                                                  11:22
Klinikum St. Georg Leipzig gGmbH;Delitzscher Straße 141;4129 Leipzig;Website;SN;hr-icon-red;hr-icon-yellow;hr-icon-unavailable;20.03.2020                                                  10:15
Klinikum Barnim GmbH, Werner Forßmann Krankenhaus Eberswalde;Rudolf Breitscheidstr  100;16225 Eberswalde;Intensivstation 1 Intermediate Care Station 14 Website;BB;hr-icon-green;hr-icon-green;hr-icon-red;20.03.2020                                                  08:53
Kliniken Erlabrunn gGmbH;Am Märzenberg 1A;8359 Breitenbrunn;Interdisziplinäre ITS/IMC/Stroke Unit Website;SN;hr-icon-green;hr-icon-yellow;hr-icon-unavailable;20.03.2020                                                  08:52
Asklepios Klinik Parchim;John-Brinckman-Straße  8 - 10;19370  Parchim;Station 5  - ITS - Website;MV;hr-icon-green;hr-icon-green;hr-icon-red;20.03.2020                                                  08:45
Asklepios Westklinikum, Hamburg Rissen;Suurheid  20;22529 Hamburg;Intensivstation Website;HH;hr-icon-yellow;hr-icon-yellow;hr-icon-red;20.03.2020                                                  12:12
St. Ansgar Krankenhaus Höxter (Klinikverbund KHWE);Brenkhäuserstraße 71;37671 Höxter;Website;NRW;hr-icon-green;hr-icon-green;hr-icon-green;20.03.2020                                                  08:51
Katharinen-Hospital Unna;Obere Husemannstraße 2;549423 Unna;1a Website;NRW;hr-icon-red;hr-icon-green;hr-icon-unavailable;20.03.2020                                                  11:36
Regio Kliniken Kreis Pinneberg Standort Elmshorn;Agnes-Karll-Allee 17;25337 Elmshorn;3 F Website;SH;hr-icon-yellow;hr-icon-green;hr-icon-unavailable;22.03.2020                                                  12:34
BG Klinikum Bergmannstrost Halle;Merseburger Str.  165;6112 Halle (Saale);Interdisziplinäre Intensivstationen Website;ST;hr-icon-green;hr-icon-green;hr-icon-unavailable;22.03.2020                                                  10:02
Universitätsklinikum Augsburg;Stenglinstraße 2;86156 Augsburg;Corona-ICU Website;BY;hr-icon-green;hr-icon-green;hr-icon-green;22.03.2020                                                  11:57
Klinik Preetz;Am Krankenhaus 5;24211 Preetz;ITS Stat. 2 Website;SH;hr-icon-green;hr-icon-green;hr-icon-red;20.03.2020                                                  11:25
St. Marienwörth;Mühlenstraße  39;55543 Bad Kreuznach;Intensiv Website;RP;hr-icon-green;hr-icon-green;hr-icon-red;20.03.2020                                                  07:47
SANA Kliniken Sommerfeld;Waldhausstrasse 44;16766 Kremmen;IMC Website;BB;hr-icon-red;hr-icon-red;hr-icon-red;20.03.2020                                                  07:12
Krankenhaus Martha-Maria Halle-Dölau;Roentgenstr. 1;6120 Halle;Interdisziplinäre Intensivstation Website;ST;hr-icon-yellow;hr-icon-green;hr-icon-red;20.03.2020                                                  07:07
Ev. Krankenhaus Wesel;Schermbeckerlandstr. 88;46485 Wesel;IBS Website;NRW;hr-icon-yellow;hr-icon-green;hr-icon-unavailable;21.03.2020                                                  07:20
Rottal-Inn Kliniken KU - Eggenfelden;Simonsöder Allee 20;84307 Eggenfelden;Intensivstation Website;BY;hr-icon-green;hr-icon-green;hr-icon-unavailable;19.03.2020                                                  21:00
Charité,  Chirurgische Klinik, Campus Virchow-Klinikum;Augustenburger Platz 1;13353 Berlin;Chirurgische Intensivstation 9i Website;BE;hr-icon-yellow;hr-icon-yellow;hr-icon-unavailable;22.03.2020                                                  11:02
Friedrich-Ebert-Krankenhaus Neumünster ;Friesenstr.  11;24534 Neumünster;59 Website;SH;hr-icon-green;hr-icon-green;hr-icon-unavailable;22.03.2020                                                  10:07
EvangelischeElisabeth Klinik Berlin;Lützowstraße  24-26;10785 Berlin;Intensivstation 7 Website;BE;hr-icon-yellow;hr-icon-yellow;hr-icon-red;21.03.2020                                                  12:07
St. Josef-Krankenhaus Engelskirchen;Wohlandstaße 30;57166 Engelskirchen;Intensivstation Website;NRW;hr-icon-yellow;hr-icon-yellow;hr-icon-unavailable;22.03.2020                                                  09:04
Asklepios Klinikum Hamburg-Harburg;Eißendorfer Pferdeweg  52;21075 Hamburg;Interdisziplinäre Intensivstation 11 Website;HH;hr-icon-green;hr-icon-green;hr-icon-green;19.03.2020                                                  19:22
St. Elisabeth & St. Barbara Krankenhaus;Mauerstrasse  5;6110 Halle;ITS 1 Website;ST;hr-icon-green;hr-icon-green;hr-icon-unavailable;19.03.2020                                                  19:21
Sana Klinikum Remscheid;Burger Straße  211;42859 Remscheid;Interdisziplinäre Intensivstation Website;NRW;hr-icon-green;hr-icon-green;hr-icon-unavailable;21.03.2020                                                  15:02
Städtisches Klinikum Brandenburg GmbH Hochschulklinikum der MHB;Hochstrasse  29;14770 Brandenburg an der Havel;ITS 1+2 Website;BB;hr-icon-green;hr-icon-green;hr-icon-unavailable;22.03.2020                                                  10:25
Rhön Klinikum Campus Bad Neustadt;Von Guttenbergstraße  11;97616 Bad Neustadt;Intensivstation Website;BY;hr-icon-green;hr-icon-green;hr-icon-green;20.03.2020                                                  11:43
St. Joseph Krankenhaus;Wüsthoffstr.  15;12101 Berlin;Station 28 Website;BE;hr-icon-green;hr-icon-green;hr-icon-unavailable;22.03.2020                                                  11:29
Klinikum Dahme Spreewald GmbH, Achenbach Krankenhaus;Köpenicker Str  29;15711 Königs Wusterhausen;ITS Website;BB;hr-icon-yellow;hr-icon-green;hr-icon-unavailable;22.03.2020                                                  09:54
Klinikverbund St. Antonius und St. Josef GmbH;Bergstr.  6-12;42105 Wuppertal;Website;NRW;hr-icon-green;hr-icon-green;hr-icon-red;20.03.2020                                                  17:07
Sana-Herzzentrum Cottbus GmBh;Leipziger Straße  50;3048 Cottbus;Intensivstation Website;BB;hr-icon-red;hr-icon-green;hr-icon-green;22.03.2020                                                  11:50
Alb Donau Klinikum- Standort Ehingen;Spitalstrasse 29;89584 Ehingen;Intensivstation Website;BW;hr-icon-green;hr-icon-green;hr-icon-red;19.03.2020                                                  17:25
Universität Magdeburg, Klinik für Kardiologie und Angiologie;Leipzigerstr.  44;39120 Magdeburg;KAR3I;ST;hr-icon-red;hr-icon-green;hr-icon-green;19.03.2020                                                  16:57
St. Bernhard-Hospital Brake;Claußenstraße 3;26919 Brake;ITS Website;NI;hr-icon-yellow;hr-icon-yellow;hr-icon-red;19.03.2020                                                  16:55
Helios Klinikum Schleswig;St. Jürgener Str. 1-3;24837 Schleswig;Interdiszipliäre Intensivmedizin Website;SH;hr-icon-green;hr-icon-green;hr-icon-unavailable;22.03.2020                                                  09:06
KRH Siloah Hannover;Stadionbrücke  4;30459 Hannover;Intensivstation Website;NI;hr-icon-green;hr-icon-green;hr-icon-green;19.03.2020                                                  16:31
Asklepios Klinik Altona;Paul-Ehrlich Str. 1 ;22763 Hamburg;2C und 2I Website;HH;hr-icon-green;hr-icon-green;hr-icon-red;22.03.2020                                                  07:39
Universität München Campus Innenstadt;Nußbaumstr. 20;80336 München;Anaesthesiologisch-Chirurgische Intensivstation ANIS5;BY;hr-icon-green;hr-icon-green;hr-icon-unavailable;19.03.2020                                                  16:11
Sana Kliniken des Landkreises Cham;August-Holz-Str. 1;93413 Cham;Interdisziplinäre Intensivstation;BY;hr-icon-green;hr-icon-green;hr-icon-red;19.03.2020                                                  16:07
Universitätsklinikum Schleswig-Holstein Campus Lübeck;Ratzeburger Allee  160;23538 Lübeck;Sektion Interdisziplinäre Konservative Intensivmedizin;SH;hr-icon-green;hr-icon-green;hr-icon-green;19.03.2020                                                  15:44
Alb-Donau-Klinikum Blaubeuren;Ulmerstr.  26;89143 Blaubeuren;Interdisziplinäre Intensivstation;BW;hr-icon-green;hr-icon-green;hr-icon-unavailable;19.03.2020                                                  15:22
Asklepios Klinik Lindau;Friedrichshafener Str.  82;88131 Lindau;ITS Website;BY;hr-icon-green;hr-icon-green;hr-icon-unavailable;21.03.2020                                                  09:01
Klinik für Neurologie am Universitätsklinikum des Saarlandes, Homburg/Saar;Kirrberger Strasse 100;66421 Homburg;NN-05 und NN-01 Website;SL;hr-icon-yellow;hr-icon-yellow;hr-icon-unavailable;20.03.2020                                                  13:46
Kreisklink Wertingen;Ebersberg 36;86637 Wertingen;IPS/IMC Website;BY;hr-icon-green;hr-icon-green;hr-icon-unavailable;22.03.2020                                                  11:31
Rotkreuzklinik Wertheim;Rotkreuzstrasse  2;97877 Wertheim;Intensiv Website;BW;hr-icon-green;hr-icon-green;hr-icon-unavailable;20.03.2020                                                  13:58
Asklepios Klinik Birkenwerder;Hubertusstrasse 12-22;16547 Birkenwerder;ITS Website;BB;hr-icon-yellow;hr-icon-yellow;hr-icon-unavailable;20.03.2020                                                  13:44
Gesundheitszentrum Odenwaldkreis GmbH;Albert Schweitzer Straße  10-20;64711 Erbach;Intensivstation I + II Website;HE;hr-icon-green;hr-icon-green;hr-icon-red;19.03.2020                                                  21:48
Universitätsklinikum Jena;Am Klinikum 1;7747 Jena;Intensivmedizin Website;TH;hr-icon-yellow;hr-icon-yellow;hr-icon-yellow;21.03.2020                                                  10:58
Diakoneo Rangauklinik Ansbach GmbH;Strüth 24;91522 Ansbach;9;BY;hr-icon-red;hr-icon-red;hr-icon-red;19.03.2020                                                  14:51
Rhein-Mosel-Fachklinik Andernach;Vulkanstr.  58;56626 Andernach;Neurologie 3 Website;RP;hr-icon-green;hr-icon-green;hr-icon-red;19.03.2020                                                  18:36
Universitätsklinikum Marien Hospital Herne;Hölkeskampring  40;44625 herne;interdisziplinäre Intensivstation Website;NRW;hr-icon-green;hr-icon-green;hr-icon-green;20.03.2020                                                  22:30
Universitätsmedizin Rostock - Teilkörperschaft der Universität Rostock;Gehlsheimer Str. 20;18147 Rostock;Neurologische Intensivstation Website;MV;hr-icon-yellow;hr-icon-yellow;hr-icon-red;19.03.2020                                                  16:10
EVK Mettmann;Gartenstraße 4-8;40822 Mettmann;Interdisziplinäre Intensivstation Website;NRW;hr-icon-yellow;hr-icon-green;hr-icon-unavailable;19.03.2020                                                  14:17
Sächsisches Krankenhaus Arnsdorf;Hufelandstr.  15;1477 Arnsdorf;Intensivstation Website;SN;hr-icon-red;hr-icon-yellow;hr-icon-red;19.03.2020                                                  14:09
Krankenhaus Angermünde;Rudolf-Breitscheid-Str. 37;16278 Angermünde;Intensivstation Website;BB;hr-icon-red;hr-icon-green;hr-icon-unavailable;22.03.2020                                                  08:42
Krankenhaus Maria Hilf MAW;Dahlienweg 3-5;53474 Bad Neuenahr-Ahrweiler;Intensiv Website;RP;hr-icon-red;hr-icon-yellow;hr-icon-red;19.03.2020                                                  13:54
Marienhausklinik St. Josef Losheim am See;Krankenhausstraße 21;66679 Losheim am See;Intensivstation Website;SL;hr-icon-green;hr-icon-green;hr-icon-red;19.03.2020                                                  14:04
St. Franziskus Hospital Ahlen;Robert-Koch Str.  55;59227 Ahlen;1F Website;NRW;hr-icon-green;hr-icon-green;hr-icon-unavailable;19.03.2020                                                  13:38
Asklepios Stadtklinik Bad Tölz;Schützenstr. 15;83646 Bad Tölz;Intensivstation Website;BY;hr-icon-green;hr-icon-green;hr-icon-unavailable;20.03.2020                                                  13:19
Kreiskrankenhaus Saarburg GmbH;Graf-Siegfried-Str. 115;54439 Saarburg;Intensivstation Website;RP;hr-icon-green;hr-icon-green;hr-icon-unavailable;22.03.2020                                                  13:52
Caritas Krankenhaus St. Josef;Landshuter Str. 65;93053 Regensburg;Interdisziplinäre Intensivstation Website;BY;hr-icon-red;hr-icon-yellow;hr-icon-green;21.03.2020                                                  16:07
Kreisklinik Wörth an der Donau;Krankenhausstraße 2;93086 Wörth an der Donau;Interdisziplinäre Intensivstation Website;BY;hr-icon-green;hr-icon-yellow;hr-icon-unavailable;22.03.2020                                                  11:47
Städtisches Klinikum Dresden- Standort Neustadt;Industriestrasse  40;1129 Dresden;Intensivstation S216 Website;SN;hr-icon-green;hr-icon-yellow;hr-icon-red;19.03.2020                                                  13:22
Evangelische Lungenklinik Berlin;Lindenberger Weg 27;13125 Berlin;Intensivstation 1 Website;BE;hr-icon-green;hr-icon-green;hr-icon-unavailable;20.03.2020                                                  17:23
Sana-Klinikum Hameln;Saint-Maur-Platz ;31785 Hameln;C2 Website;NI;hr-icon-yellow;hr-icon-yellow;hr-icon-red;22.03.2020                                                  07:50
Vincenz-Krankenhaus Datteln;Rottstraße 11;45711 Datteln;Intensivstation Website;NRW;hr-icon-red;hr-icon-green;hr-icon-unavailable;19.03.2020                                                  13:07
Havelland Kliniken Standort Rathenow;Forststraße 45;14712 Rathenow;Intensivstation Website;BB;hr-icon-red;hr-icon-green;hr-icon-unavailable;22.03.2020                                                  10:51
ViDia Diakonissenkrankenhaus;Diakonissenstraße 28;76199 Karlsruhe;Intensivstation Website;BW;hr-icon-yellow;hr-icon-yellow;hr-icon-red;21.03.2020                                                  16:15
Klinikum Nürnberg Süd;Breslauer Straße 201 ;90471 Nürnberg;Internistische Intensivstation B.U1.3-5 Website;BY;hr-icon-green;hr-icon-green;hr-icon-green;20.03.2020                                                  09:04
Johanniter Gmbh - Waldkrankenhaus Bonn;Waldstrasse  73;53177 Bonn;Interdisziplinäre Intensivstation Website;NRW;hr-icon-red;hr-icon-red;hr-icon-unavailable;19.03.2020                                                  12:46
Klinikum Osnabrück;Am Finkenhügel  1;49076 Osnabrück;0541 405 5500 Website;NI;hr-icon-green;hr-icon-green;hr-icon-green;21.03.2020                                                  13:37
Vivantes Klinikum Neukölln;Rudower Straße 48;12351 Berlin;ITS 2 Website;BE;hr-icon-yellow;hr-icon-green;hr-icon-red;22.03.2020                                                  10:39
GRN-Klinik Schwetzingen;Bodelschwinghstr.  10;68723 Schwetzingen;Intensivstation Website;BW;hr-icon-yellow;hr-icon-yellow;hr-icon-red;19.03.2020                                                  12:28
Asklepios Klinik Kinderklinik Sankt Augustin;Arnold-Janssen-Strasse 29;53757 Sankt Augustin;KITZ Website;NRW;hr-icon-green;hr-icon-green;hr-icon-unavailable;22.03.2020                                                  10:04
Sankt Gertrauden Krankenhaus GmbH;Parezter Str.  12;10713 Berlin;ITS-35 Website;BE;hr-icon-green;hr-icon-green;hr-icon-unavailable;21.03.2020                                                  19:19
UK Würzburg, Klinik für Chirurgie I;Oberdürrbacher Straße 6;97080 Würzburg;chirurgische Intensivstation Website;BY;hr-icon-red;hr-icon-red;hr-icon-red;19.03.2020                                                  12:17
Allgemeines Krankenhaus Viersen;Hoserkirchweg 63;41747 Viersen;interdisziplinäre Intensivstation Website;NRW;hr-icon-green;hr-icon-green;hr-icon-green;22.03.2020                                                  12:43
SMH Hospital Düren gGmbH;Hospitalstraße 44;52353 Düren;Intensivstation Erwachsene Website;NRW;hr-icon-yellow;hr-icon-yellow;hr-icon-unavailable;22.03.2020                                                  10:12
Agaplesion Diakonieklinikum Hamburg;Hohe Weide  17;20259 Hamburg;D1 Website;HH;hr-icon-green;hr-icon-green;hr-icon-unavailable;21.03.2020                                                  13:13
St. Elisabeth Krankenhaus Lahnstein - Ihr Gesundeheitszentrum - GmbH;Ostallee  3;56112 Lahnstein;Intensivstation Website;RP;hr-icon-yellow;hr-icon-green;hr-icon-unavailable;22.03.2020                                                  07:25
Asklepios-ASB Klinik Radeberg;Pulsnitzer Strasse  60;1454 Radeberg;Interdisziplinäre Intensivstation Website;SN;hr-icon-green;hr-icon-green;hr-icon-unavailable;20.03.2020                                                  20:10
Bundeswehrkrankenhaus Berlin;Scharnhorststraße  13;10115 Berlin;Interdisziplinäre Intensivstation Website;BE;hr-icon-yellow;hr-icon-yellow;hr-icon-green;20.03.2020                                                  11:34
Havelland-Kliniken Standort Nauen;Ketziner Straße 21;14641 Nauen;Intensivstation Website;BB;hr-icon-red;hr-icon-green;hr-icon-unavailable;22.03.2020                                                  09:44
Sana Klinikum Lichtenberg;Fanningerstraße 32;10365 Berlin;7a/IMC Website;BE;hr-icon-green;hr-icon-green;hr-icon-unavailable;22.03.2020                                                  10:25
Schön Klinik Düsseldorf;Am Heerdter Krankenhaus 2;40549 Düsseldorf;Interdisziplinäre Intensivstation Website;NRW;hr-icon-green;hr-icon-green;hr-icon-unavailable;22.03.2020                                                  11:16
Stauferklinikum Schwäbisch Gmünd;Wetzgauerstrasse 85;73557 Mutlangen;19 Website;BW;hr-icon-green;hr-icon-green;hr-icon-red;22.03.2020                                                  08:58
Städtisches Krankenhaus Eisenhüttenstadt GmbH;Friedrich-Engels-Str. 39;15890 Eisenhüttenstadt;Intensivstation Website;BB;hr-icon-green;hr-icon-green;hr-icon-red;20.03.2020                                                  07:57
Sana Krankenhaus Benrath;Urdenbacher Allee  83;40593 Düsseldorf;Interdisziplinäre Intensistation Website;NRW;hr-icon-red;hr-icon-green;hr-icon-red;22.03.2020                                                  10:09
Johanniter Krankenhaus Bonn;Sträßchensweg  3-5;53113 Bonn;Interdisziplinäre Intensivstation Website;NRW;hr-icon-green;hr-icon-green;hr-icon-red;19.03.2020                                                  15:17
Herz-Jesu-Krankenhaus Dernbach;Südring  8;56428 Dernbach;Website;RP;hr-icon-red;hr-icon-green;hr-icon-unavailable;22.03.2020                                                  11:35
Herzzentrum Dresden Klinik für Herzchirurgie;Fetscherstr. 76;1307 Dresden;Intensiv 2B Website;SN;hr-icon-red;hr-icon-green;hr-icon-green;20.03.2020                                                  09:23
SANA Klinikum Offenbach;Starkenburgring 66;63069 Offenbach;S2A Website;HE;hr-icon-green;hr-icon-green;hr-icon-yellow;20.03.2020                                                  13:45
Klinikum Würzburg Mitte Standort Missioklinik, Salvatorstrasse 7, 97074 Würzburg;Salvatorstr. 7;97074 Würzburg;Intensivstation Website;BY;hr-icon-yellow;hr-icon-green;hr-icon-unavailable;22.03.2020                                                  11:36
Klinikum Nordfriesland, Klinik Husum;Erichsenweg  16;25813 Husum;Interdisziplinäre Intensivstation Website;SH;hr-icon-green;hr-icon-green;hr-icon-red;20.03.2020                                                  11:03
Asklepios Klinik Weißenfels;Naumburger Straße 76;6667 Weissenfels;Interdisziplinäre Intensivstation (S 1) Website;ST;hr-icon-yellow;hr-icon-red;hr-icon-unavailable;21.03.2020                                                  21:08
Helios-Kliniken Mittelweser;Ziegelkampstraße 39;31582 Nienburg;Website;NI;hr-icon-green;hr-icon-green;hr-icon-unavailable;22.03.2020                                                  10:48
Klinikum Frankfurt Oder GmbH;Müllroser Chaussee  7;15236 Frankfurt/ Oder;63A+B Website;BB;hr-icon-red;hr-icon-green;hr-icon-unavailable;22.03.2020                                                  08:09
Sana Kliniken Leipziger Land;Rudolf - Virchow-Str.  2;4552 Borna;Intensivstation  Website;SN;hr-icon-green;hr-icon-green;hr-icon-red;22.03.2020                                                  10:03
Lukaskrankenhaus Neuss;Preußenstraße 84;41464 Neuss;Pädiatrische Intensivstation Website;NRW;hr-icon-green;hr-icon-yellow;hr-icon-red;19.03.2020                                                  10:58
Agaplesion Diakonieklinikum Rotenburg;Elise-Averdieck-Straße 17;27356 Rotenburg (Wümme);Website;NI;hr-icon-green;hr-icon-green;hr-icon-unavailable;22.03.2020                                                  10:18
Kliniken Essen-Mitte Ev. Krankenhaus Werden;Pattbergstrasse 1-3;45239 Essen;INTW Website;NRW;hr-icon-red;hr-icon-red;hr-icon-unavailable;22.03.2020                                                  09:08
Pädiatrische Intensivstation Universitätskinderklinik Magdeburg ;Leipziger Straße  44;39120 Magdeburg;PAEI1 Website;ST;hr-icon-green;hr-icon-yellow;hr-icon-unavailable;19.03.2020                                                  10:54
Diakonie-Klinikum Stuttgart;Rosenbergstraße 38;70176 Stuttgart;Corona Intensiv/ IMC  Website;BW;hr-icon-yellow;hr-icon-red;hr-icon-unavailable;22.03.2020                                                  12:05
Helios Klinik Köthen;Hallesche Straße 29;6366 Köthen;Intensivstation Website;ST;hr-icon-green;hr-icon-green;hr-icon-unavailable;20.03.2020                                                  11:15
Asklepios Klinik St. Georg, Hamburg ;Lohmühlenstraße  5;20099 Hamburg;E1/E3/F2 Website;HH;hr-icon-green;hr-icon-green;hr-icon-green;21.03.2020                                                  16:00
Evangelisches Krankenhaus Königin Elisabeth Herzberge;Herzbergstraße  79;10365 Berlin;IC1 IC2 Website;BE;hr-icon-red;hr-icon-red;hr-icon-red;21.03.2020                                                  14:06
Lausitzer Seenland Klinikum GmbH;M.-Grollmuß-Str. 1;1936 Königsbrück;Intensivstation Website;SN;hr-icon-green;hr-icon-green;hr-icon-unavailable;22.03.2020                                                  10:35
Katholisches Krankenhaus St. Johann Nepomuk Erfurt;Haarbergstraße 72;99097 Erfurt;Interdisziplinäre Intensivtherapiestation;TH;hr-icon-red;hr-icon-yellow;hr-icon-red;19.03.2020                                                  10:31
Klinikum Konstanz - GLKN  ;Mainaustrasse  35;78464 Konstanz;Interdisziplinäre Intensivstation Website;BW;hr-icon-green;hr-icon-green;hr-icon-unavailable;21.03.2020                                                  18:47
Krankenhaus-Landshut-Achdorf;Achdorfer Weg  3;84036 Landshut;Intensivstation Website;BY;hr-icon-green;hr-icon-green;hr-icon-unavailable;21.03.2020                                                  15:27
Sana Klinikum Hof, Eppenreuther Str. 9, 95932 Hof;Eppenreuther Str.   9;0 Hof;ITS Website;BY;hr-icon-red;hr-icon-red;hr-icon-unavailable;19.03.2020                                                  10:27
Klinikum Südstadt Rostock;Südring 81;18055 Rostock;Intensivbereich Website;MV;hr-icon-green;hr-icon-green;hr-icon-unavailable;21.03.2020                                                  22:20
SANA Herzzentrum Dresden ;Fetscherstr. 76 ;1307 Dresden;Kardiologische Intensivstation Website;SN;hr-icon-yellow;hr-icon-green;hr-icon-green;22.03.2020                                                  09:21
Klinik Eichstätt, Interdisziplinäre ITS;Ostenstr. 31;85072 Eichstätt;Intensivstation Website;BY;hr-icon-green;hr-icon-green;hr-icon-unavailable;22.03.2020                                                  11:24
Marienkrankenhaus Hamburg;Alfredstraße  9;22087 Hamburg;Med Intensiv /Op Intensiv Website;HH;hr-icon-green;hr-icon-green;hr-icon-green;19.03.2020                                                  10:17
Sankt Gertrauden Krankhaus GmbH;Paretzer Straße 12;10713 Berlin;Station 05 Website;BE;hr-icon-green;hr-icon-red;hr-icon-unavailable;19.03.2020                                                  12:40
Harzklinikum Dorothea Christiane Erxleben QUEDLINBURG;Ditfurter Weg  24;3946 Quedlinburg;Intensivstation (03) Website;ST;hr-icon-green;hr-icon-green;hr-icon-unavailable;20.03.2020                                                  15:50
Asklepios Klinikum Uckermark;Am Klinikum 1;16303 Schwedt;24 Website;BB;hr-icon-yellow;hr-icon-yellow;hr-icon-unavailable;19.03.2020                                                  11:47
Paracelsus Klinik Henstedt-Ulzburg;Wilstedter Straße 134;24558 Henstedt-Ulzburg;interdisziplinäre Intensivstation Website;SH;hr-icon-green;hr-icon-green;hr-icon-unavailable;21.03.2020                                                  13:41
Verbundkrankenhaus Bernkastel/Wittlich;Koblenzerstr. 91;54516 Wittlich;Intensivstation Website;RP;hr-icon-green;hr-icon-green;hr-icon-red;19.03.2020                                                  10:04
Krankenhaus Wittmund gGmbH;Dohuser Weg 10;26409 Wittmund;Intensivstation Website;NI;hr-icon-green;hr-icon-green;hr-icon-red;21.03.2020                                                  09:01
DRK Kliniken Berlin Köpenick;Salvador-Allende-Straße 2-8;12559 Berlin;ITS Website;BE;hr-icon-green;hr-icon-green;hr-icon-unavailable;20.03.2020                                                  17:29
St. Sixtus-Hospital;Gartenstr.  2;45721 Haltern am See;Intensivstation Website;NRW;hr-icon-green;hr-icon-green;hr-icon-unavailable;20.03.2020                                                  16:44
Schwarzwald-Baar-Klinikum;Klinikstr.  11;78052 Villingen-Schwenningen;Station 11 Website;BW;hr-icon-green;hr-icon-green;hr-icon-unavailable;21.03.2020                                                  08:26
Kreisklinik St. Elisabeth;Ziegelstr. 38;89407 Dillingen an der Donau;Intensivstation Website;BY;hr-icon-green;hr-icon-green;hr-icon-unavailable;22.03.2020                                                  09:27
Asklepios Kliniken Schildautal Seesen;Karl-Herold-Straße 1;38723 Seesen;Station 41 Website;NI;hr-icon-yellow;hr-icon-yellow;hr-icon-unavailable;22.03.2020                                                  09:36
Diakoneo Klinik Schwabach;Regelsbacher Straße  7;91126 Schwabach;Interdisziplinäre Intensivstation Website;BY;hr-icon-green;hr-icon-green;hr-icon-unavailable;22.03.2020                                                  08:51
Krankenhäuser Landkreis Freudenstadt;Karl-von-Hahn-Straße 120;72250 Freudenstadt;Interdisziplinäre Intensivstation Website;BW;hr-icon-green;hr-icon-green;hr-icon-unavailable;21.03.2020                                                  21:16
Diakoniekrankenhaus Halle gGmbH;Mühlweg  7;6114 Halle;ITS Website;ST;hr-icon-yellow;hr-icon-yellow;hr-icon-unavailable;22.03.2020                                                  10:02
Siloah St. Trudpert Klinikum;Wilferdingerstr. 67;75179 Pforzheim;Intensivstation Website;BW;hr-icon-green;hr-icon-green;hr-icon-red;22.03.2020                                                  10:28
St. Bernhard-Hospital Kamp-Lintfort GmbH;Bürgermeister-Schmelzing-Straße 90;47475 Kamp-Lintfort;Intensivstation Website;NRW;hr-icon-green;hr-icon-green;hr-icon-unavailable;22.03.2020                                                  09:21
Krankenhaus Spremberg;Karl Marx Strasse 80;3130 Spremberg;IMC Website;BB;hr-icon-yellow;hr-icon-green;hr-icon-unavailable;22.03.2020                                                  09:31
Herz-Kreislauf-Zentrum Klinikum Hersfeld-Rotenburg GmbH;Heinz-Meise-Str.  100;36199 Rotenburg an der Fulda;C-ITS Website;HE;hr-icon-red;hr-icon-green;hr-icon-yellow;19.03.2020                                                  09:33
Klinikum Dritter Orden München;Menzinger Straße 44;80638 München;Website;BY;hr-icon-red;hr-icon-yellow;hr-icon-unavailable;20.03.2020                                                  11:42
Wertachklinik Schwabmünchen;Weidenhartstr.  35;86830 Schwabmünchen;ITS / IMC Website;BY;hr-icon-green;hr-icon-green;hr-icon-unavailable;22.03.2020                                                  08:32
Asklepios Schloßbergklinik Bad König;Frankfurterstr.  33;64732 Bad König;Website;HE;hr-icon-red;hr-icon-green;hr-icon-red;19.03.2020                                                  09:22
DRK Krankenhaus Teterow;Goethestraße 14;17166 Teterow;ITS Website;MV;hr-icon-red;hr-icon-yellow;hr-icon-red;20.03.2020                                                  07:49
Krankenhaus Eichhof ;Eichhofstraße  1;36341 Lauterbach;Intensivstation Website;HE;hr-icon-green;hr-icon-green;hr-icon-red;22.03.2020                                                  02:48
Florence-Nightingale-Krankenhaus Kinderklinik;Kreuzbergstraße 79;40489 Düsseldorf;Kinderintensivstation Website;NRW;hr-icon-green;hr-icon-yellow;hr-icon-unavailable;22.03.2020                                                  11:04
Krankenhaus Bethanien für die Grafschaft Moers;Bethanienstr. 21;47441 Moers;Interdisziplinäre Intensivstation Website;NRW;hr-icon-green;hr-icon-green;hr-icon-unavailable;22.03.2020                                                  12:42
Marienkrankenhaus Soest, Widumgasse 5, 59494 Soest;Widumgasse 5;59494 Soest;ITS Website;NRW;hr-icon-green;hr-icon-green;hr-icon-red;19.03.2020                                                  09:13
DRK Krankenhaus Rabenstein;Unritzstrasse  23;9117 Chemnitz;Intensivstation;SN;hr-icon-green;hr-icon-green;hr-icon-red;19.03.2020                                                  09:38
Malteser Krankenhaus St. Josefshospital Uerdingen, 47829 Krefeld, Kurfürstenstr. 69;Kurfürstenstr.  69;47829 Krefeld;Intensiv Website;NRW;hr-icon-green;hr-icon-green;hr-icon-unavailable;22.03.2020                                                  11:05
Asklepios Klinik Lich;Goethestr.  4;35423 Lich;2C Website;HE;hr-icon-green;hr-icon-green;hr-icon-unavailable;22.03.2020                                                  08:59
Sana Krankenhaus Templin;Robert-Koch-Str. 24;17268 Templin;Website;BB;hr-icon-yellow;hr-icon-red;hr-icon-unavailable;22.03.2020                                                  11:39
Städtisches Krankenhaus Pirmasens;Pettenkoferstr.  22;66955 Pirmasens;Intensivstation Website;RP;hr-icon-green;hr-icon-green;hr-icon-unavailable;21.03.2020                                                  20:51
Klinik Augustinum;Wolkerweg 16;81375 München;Intensivstation 7;BY;hr-icon-green;hr-icon-green;hr-icon-unavailable;20.03.2020                                                  08:04
Sana Krankenhaus Gerresheim;Gräulinger Str. 120;40625 Düsseldorf;ITS Website;NRW;hr-icon-yellow;hr-icon-green;hr-icon-unavailable;22.03.2020                                                  09:06
Stiftungsklinikum Proselis Standort St. Elisabeth Hospital Herten;Im Schloßpark 12;45699 Herten;interdiszipl. Intensivstation Website;NRW;hr-icon-green;hr-icon-green;hr-icon-unavailable;21.03.2020                                                  12:01
Sanaklinik Biberach;Ziegelhausstraße  50;88400 Biberach;Intensivstation Website;BW;hr-icon-yellow;hr-icon-green;hr-icon-unavailable;20.03.2020                                                  08:57
Evangelisches Krankenhaus Kalk in Köln (EVKK);Buchforststr 2;51103 Köln;Website;NRW;hr-icon-green;hr-icon-green;hr-icon-red;22.03.2020                                                  11:53
Agaplesion ev. Klinikum Schaumburg;Zum Schaumburger Klinikum  1;31683 Obernkirchen;W 11 + W 13 Website;NI;hr-icon-yellow;hr-icon-yellow;hr-icon-unavailable;20.03.2020                                                  09:45
Ostalbklinikum Aalen;Im Kälblesrain  1;73430 Aalen;25 Website;BW;hr-icon-green;hr-icon-green;hr-icon-unavailable;19.03.2020                                                  08:36
KMG Klinikum Luckenwalde;Saarstrasse  1;14943 Luckenwalde;ITS Website;BB;hr-icon-yellow;hr-icon-yellow;hr-icon-unavailable;22.03.2020                                                  10:02
Lungenclinic Großhansdorf;Wöhrendamm  80;22927 Großhansdorf;Intensivstation (Station 1) Website;SH;hr-icon-red;hr-icon-red;hr-icon-unavailable;22.03.2020                                                  10:40
EvK Herne, Bst. Eickel, Thoraxzentrum Ruhrgebiet;Hordeler Strasse 7-9;44651 Herne;Intensivstation Website;NRW;hr-icon-green;hr-icon-green;hr-icon-unavailable;22.03.2020                                                  08:32
Sana-Krankenhaus Rügen GmbH;Calandstr. 7/8;18528 Bergen;Interdisziplinäre Intensivstation Website;MV;hr-icon-red;hr-icon-green;hr-icon-unavailable;20.03.2020                                                  11:39
St. Marien-Krankenhaus Berlin;Gallwitzallee  123-143;12249 Berlin;Interdisziplinäre Intensivstation Website;BE;hr-icon-green;hr-icon-green;hr-icon-unavailable;22.03.2020                                                  10:52
Klinikzentrum Westerstede;Lange Straße 38;26655 Westerstede;Operative Intensivstation Website;NI;hr-icon-red;hr-icon-green;hr-icon-unavailable;22.03.2020                                                  09:35
Asklepios Nordseeklinik Westerland/ Sylt;Norderstraße 81;25980 Sylt/ OT Westerland;Intensiv Website;SH;hr-icon-green;hr-icon-green;hr-icon-red;19.03.2020                                                  07:51
RKU - Universitäts- und Rehabilitationskliniken Ulm gGmbH;Oberer Eselbserg 45;89081 Ulm;Intensivstation Website;BW;hr-icon-yellow;hr-icon-green;hr-icon-unavailable;22.03.2020                                                  07:52
BG - Unfallklinik Murnau;Prof. Küntscher Straße ;82418 Murnau;Interdisziplinäre Intensivmedizin Website;BY;hr-icon-green;hr-icon-green;hr-icon-green;22.03.2020                                                  11:35
DRK Krankenhaus Lichtenstein Gemeinnützige GmbH;Hartensteiner Str. 42;9350 Lichtenstein/ Sa.;ITS Website;SN;hr-icon-green;hr-icon-green;hr-icon-unavailable;22.03.2020                                                  11:18
Asklepios Klinik Bad Oldesloe;Schützenstraße  55;23843 Bad Oldsloe;B2 Website;SH;hr-icon-yellow;hr-icon-yellow;hr-icon-unavailable;21.03.2020                                                  18:37
GKH Herdecke gGmbH;Gerhard-Kienle-Weg  4;58313 Herdecke;4E Website;NRW;hr-icon-green;hr-icon-green;hr-icon-red;19.03.2020                                                  15:59
Schwarzwald-Baar Klinikum;Klinikstraße  11;78052 Villingen-Schwenningen;Intensiv 12-15, DS24 Website;BW;hr-icon-green;hr-icon-green;hr-icon-green;19.03.2020                                                  19:36
St. Josefs-Hospital Wiesbaden;Beethovenstr.  20;65189 Wiesbaden;Station 31/32 Website;HE;hr-icon-green;hr-icon-green;hr-icon-yellow;22.03.2020                                                  09:04
Helios Klinik Herzberg und Osterode;Dr.-Frössel-Allee 1;37412 Herzberg;Intensivstation Website;NI;hr-icon-green;hr-icon-green;hr-icon-unavailable;22.03.2020                                                  11:40
Sana Herzchirurgie Stuttgart;Herdweg 2;70174 Stuttgart;Intensivstation Website;BW;hr-icon-green;hr-icon-green;hr-icon-green;21.03.2020                                                  10:22
Rotkreuzklinik Lindenberg gGmbH;Dr. Otto-Gessler-Platz  1;88161 Lindenberg;Interdisziplinäre Intensivstation Website;BY;hr-icon-green;hr-icon-green;hr-icon-unavailable;19.03.2020                                                  21:13
Zentrum für Intensiv- und Notfallmedizin, Klinikum Saarbrücken;Winterberg  1;66119 Saarbrücken;ZIN 10, ZIN 43, COBAZ 1 Website;SL;hr-icon-green;hr-icon-green;hr-icon-green;22.03.2020                                                  10:05
Universitätsmedizin Rostock - Internistische Intensivstation;Schillingallee 35;18057 Rostock;Internistische Intensivstation Website;MV;hr-icon-green;hr-icon-green;hr-icon-green;19.03.2020                                                  14:37
Kreiskrankenhaus Schrobenhausen GmbH;Högenauer Weg 5;86529 Schrobenhausen;Interdisziplinäre Intensivstation (S2) Website;BY;hr-icon-green;hr-icon-yellow;hr-icon-unavailable;22.03.2020                                                  12:01
Klinikum-Bremen-Ost;Züricher Straße  40;28325 Bremen;Interdisziplinäre Intensivstation Website;HB;hr-icon-yellow;hr-icon-red;hr-icon-unavailable;21.03.2020                                                  11:22
Klinikum Merzig;Triererstraße  148;66663 Merzig;Intensivstation Website;SL;hr-icon-red;hr-icon-green;hr-icon-red;20.03.2020                                                  14:34
Kreiskrankenhaus Weilburg;Am Steinbühl 2;35781 Weilburg;Interdisziplinäre Intensivstation Website;HE;hr-icon-yellow;hr-icon-yellow;hr-icon-unavailable;22.03.2020                                                  10:19
Katholisches Klinikum Koblenz-Montabaur;Rudolf-virchow-str. 3;56073 Koblenz;Interdiziplinäre Intensivstation Website;RP;hr-icon-green;hr-icon-green;hr-icon-green;22.03.2020                                                  13:23
Landkreis Mittweida Krankenhaus gGmbH;Hainichener Straße 4-6;9648 Mittweida;Interdisziplinäre Intensivstation Website;SN;hr-icon-green;hr-icon-green;hr-icon-unavailable;22.03.2020                                                  10:15
Zeisigwaldkliniken Bethanien Chemnitz im Verbund der Agaplesion;Zeisigwaldstraße  101;9130 Chemnitz;Interdisziplinäre ITS/ IMC Website;SN;hr-icon-green;hr-icon-green;hr-icon-unavailable;20.03.2020                                                  10:56
Kreiskliniken Günzburg-Krumbach, Klinik Krumbach;Mindelheimer-Str. 69;86381 Krumbach;Station 8 (ITS) Website;BY;hr-icon-red;hr-icon-green;hr-icon-unavailable;22.03.2020                                                  11:54
Klinikum Esslingen;Hirschlandstrasse 97;73730 Esslingen am Neckar;i53 und i12 Website;BW;hr-icon-yellow;hr-icon-green;hr-icon-green;20.03.2020                                                  21:46
Bundeswehrkrankenhaus Hamburg ;Lesserstraße  180;22049 Hamburg;1.1, 1.2;HH;hr-icon-green;hr-icon-green;hr-icon-yellow;18.03.2020                                                  20:11
DRK Kliniken Nordhessen;Hansteinstr.  29;34121 Kassel;INT und CoViD-INT Website;HE;hr-icon-green;hr-icon-green;hr-icon-unavailable;18.03.2020                                                  19:10
Kreiskrankenhaus Freiberg gGmbH;Donatsring 20;9599 Freiberg;Station 16 Website;SN;hr-icon-green;hr-icon-green;hr-icon-unavailable;22.03.2020                                                  10:32
St. Josef Krankenhaus GmbH Moers;Asberger Straße 4;47441 Moers;Interdisziplinäre Intensivstation Website;NRW;hr-icon-red;hr-icon-green;hr-icon-unavailable;22.03.2020                                                  08:07
DRK-Krankenhaus Biedenkopf;Hainstrasse 71-75;35216 Biedenkopf;Intensivstation;HE;hr-icon-red;hr-icon-yellow;hr-icon-unavailable;18.03.2020                                                  18:33
Asklepios Harzkliniken Goslar;Kösliner Str. 12;38642 Goslar;Interdisziplinäre Intensivstation 33;NI;hr-icon-green;hr-icon-red;hr-icon-red;18.03.2020                                                  18:18
Agaplesion Diakonieklinikum Rotenburg ;Elise Averdieck Straße  17;27356 Rotenburg;17 Website;NI;hr-icon-green;hr-icon-yellow;hr-icon-unavailable;18.03.2020                                                  18:17
Krankenhaus St.Joseph-Stift Bremen;Schwachhauser Heerstr. 54;28209 Bremen;Interdisziplinäre Intensivmedizin Website;HB;hr-icon-green;hr-icon-green;hr-icon-unavailable;21.03.2020                                                  09:48
Klinik für Anästhesiologie m. S. operative Intensivmedizin, Charité Campus Benjamin Franklin;Hindenburgdamm  30;10245 Berlin;44i Website;BE;hr-icon-green;hr-icon-green;hr-icon-green;20.03.2020                                                  11:09
Hessenklinik Stadtkrankenhaus Korbach gGmbH;Enserstrasse 19;34497 Korbach;14 Website;HE;hr-icon-green;hr-icon-green;hr-icon-unavailable;18.03.2020                                                  17:27
Marienhospital Stuttgart Vinzenz von Paul Kliniken GmbH;Böheimstraße 37;70199 Stuttgart;Internistische Intensivstation M2ib Website;BW;hr-icon-yellow;hr-icon-green;hr-icon-unavailable;19.03.2020                                                  14:00
Albertinen-Krankenhaus ;Süntelstraße 11a;22457 Hamburg;C2 Website;HH;hr-icon-green;hr-icon-green;hr-icon-green;21.03.2020                                                  21:53
HGH Bensheim;Rodensteinstrasse 94;64625 Bensheim;Intensivstation;HE;hr-icon-green;hr-icon-green;hr-icon-unavailable;20.03.2020                                                  07:19
St. Josefs- Hospital Rheingau;Eibinger Straße 9;65385 Rüdesheim;Intensivstation Website;HE;hr-icon-green;hr-icon-green;hr-icon-unavailable;21.03.2020                                                  18:20
Asklepios Klinik Burglengenfeld;Dr. Sauerbruchstrasse 1;93133 Burglengenfeld;ITS Website;BY;hr-icon-green;hr-icon-green;hr-icon-yellow;22.03.2020                                                  13:03
Sana Kliniken Lübeck;Kronsforder Allee 71-73;23560 Lübeck;Intensivstation Website;SH;hr-icon-red;hr-icon-green;hr-icon-unavailable;22.03.2020                                                  10:49
St-Johannes-Hospital Dortmund;Johannesstrasse 9-17;44139 Dortmund;MIV/IPE/OIS/G1 Website;NRW;hr-icon-green;hr-icon-green;hr-icon-green;22.03.2020                                                  09:27
Elbeklinikum Stade;Bremervörder Str. 111;21682 Stade;INTENSIVSTATION;NI;hr-icon-green;hr-icon-green;hr-icon-red;19.03.2020                                                  09:17
Klinikum Stuttgart;Kriegsbergstrasse  60;70174 Stuttgart;Website;BW;hr-icon-yellow;hr-icon-green;hr-icon-yellow;22.03.2020                                                  10:08
Johanniter GmbH - Ev. Krankenhaus Bethesda Mönchengladbach;Ludwig-Weber-Str. 15;41061 Mönchengladbach;Website;NRW;hr-icon-green;hr-icon-green;hr-icon-red;20.03.2020                                                  10:05
Universitätsklinikum Freiburg;Hugstetter Straße 55;79106 Freiburg;Website;BW;hr-icon-green;hr-icon-green;hr-icon-green;20.03.2020                                                  14:22
Fachkrankenhaus Coswig GmbH;Neucoswiger Str.  21;1640 Coswig;D-1 Website;SN;hr-icon-green;hr-icon-green;hr-icon-green;21.03.2020                                                  19:27
Klinikum Oldenburg AöR;Rahel-Straus-Strasse 10;26133 Oldenburg;Operative Intensivmedizin  Website;NI;hr-icon-green;hr-icon-green;hr-icon-green;22.03.2020                                                  12:16
Universitätsklinikum Gießen und Marburg, Standort Gießen;Rudolf-Buchheim-Straße  8;35392 Gießen;Website;HE;hr-icon-green;hr-icon-green;hr-icon-green;20.03.2020                                                  20:47
Wertachklinik Bobingen;Wertachstr. 55;86399 Bobingen;Intensiv Website;BY;hr-icon-green;hr-icon-green;hr-icon-unavailable;20.03.2020                                                  17:02
Malteser Krankenhaus Kamenz;Nebelschützer Strasse 40;1917 Kamenz;Intensivstation;SN;hr-icon-green;hr-icon-green;hr-icon-unavailable;19.03.2020                                                  12:51
Universitätsklinikum Halle (Saale);Ernst-Grube-Straße  40;6120 Halle (Saale);I1 Innere Medizin Intensiv Website;ST;hr-icon-green;hr-icon-green;hr-icon-green;19.03.2020                                                  10:45
Klinik Neuendettelsau;Heilsbronner Straße  44;91564 Neuendettelsau;Intensivstation Website;BY;hr-icon-green;hr-icon-green;hr-icon-unavailable;18.03.2020                                                  15:08
Marienhospital Stuttgart;Böheimstraße 37;70199 Stuttgart;Operative Intensivstation M2ia Website;BW;hr-icon-green;hr-icon-green;hr-icon-unavailable;22.03.2020                                                  12:57
Helios Klinikum Berlin-Buch;Schwanebecker Chaussee  50;13125 Berlin;C1-11 Website;BE;hr-icon-green;hr-icon-green;hr-icon-green;21.03.2020                                                  10:53
Krankenhaus Mecklenburg Strelitz;Penzliner Str  56;17235 Neustrelitz;ITS Website;MV;hr-icon-green;hr-icon-green;hr-icon-red;19.03.2020                                                  13:40
Klinikum Idar-Oberstein;Dr.-Ottmar-Kohler-Str. 2;55743 Idar-Oberstein;St. 22 und St. 16 Website;RP;hr-icon-green;hr-icon-green;hr-icon-unavailable;22.03.2020                                                  08:49
Neonatologie Klinikum Altenburger Land;Am Waldessaum 10;4600 Altenburg;01 Website;TH;hr-icon-green;hr-icon-yellow;hr-icon-unavailable;22.03.2020                                                  10:21
Asklepios Lungenfachklinik München-Gauting;Robert-Koch-Allee 2;82131 Gauting;Intensivstation Website;BY;hr-icon-green;hr-icon-green;hr-icon-unavailable;20.03.2020                                                  15:00
Vivantes Klinikum Neukölln;Rudower Str.  48;12351 Berlin;ITS 1 Website;BE;hr-icon-green;hr-icon-green;hr-icon-red;18.03.2020                                                  14:36
Ev. Krankenhaus Oberhausen;Virchowstr. 20;46047 Oberhausen;Intensiv A + B Website;NRW;hr-icon-green;hr-icon-green;hr-icon-unavailable;22.03.2020                                                  09:36
Klinikum Bayreuth GmbH;Preuschwitzer Str.  101;95445 Bayreuth;Operative Intensivstation 18 Website;BY;hr-icon-green;hr-icon-green;hr-icon-green;20.03.2020                                                  20:45
Klinikum Oberlausitzer Bergland gGmbH;Görlitzer Str. 8;2763 Zittau;ITS Website;SN;hr-icon-green;hr-icon-green;hr-icon-red;22.03.2020                                                  06:46
Asklepios Klinik Langen;Röntgenstrasse  20;63225 Langen;Interdisziplinäre Intensivmedizin Website;HE;hr-icon-green;hr-icon-green;hr-icon-green;22.03.2020                                                  08:56
Sana Krankenhaus Radevormwald;Siepenstr.  33;42477 Radevormwald;ITS Website;NRW;hr-icon-green;hr-icon-green;hr-icon-unavailable;22.03.2020                                                  10:56
Hegau-Bodensee-Klinikum (HBK) - Standort Singen;Virchowstr. 10;78224 Singen;Intensivstationen Website;BW;hr-icon-green;hr-icon-green;hr-icon-unavailable;21.03.2020                                                  12:28
Klinikum Dortmund gGmbH, KLZ Nord, Station ND1;Münsterstraße  240;44145 Dortmund;ND1 Website;NRW;hr-icon-red;hr-icon-red;hr-icon-red;18.03.2020                                                  13:35
Ruppiner Kliniken;Fehrbelliner Straße 38;16816 Neuruppin;X2 Website;BB;hr-icon-yellow;hr-icon-green;hr-icon-unavailable;21.03.2020                                                  23:30
Kliniken HochFranken;Hofer Straße 40;95213 Münchberg;Münchberg Station 1A Naila Station O2 Website;BY;hr-icon-yellow;hr-icon-green;hr-icon-unavailable;22.03.2020                                                  07:44
Klinikum Dortmund gGmbH;Beurhausstr.  40;44137 Dortmund;Intensivstation Erwachsene Website;NRW;hr-icon-green;hr-icon-green;hr-icon-green;22.03.2020                                                  09:34
Kliniken Dritter Orden - Standort Kinderklinik Passau;Bischof-Altmann-Straße 9;94032 Passau;PICU Website;BY;hr-icon-green;hr-icon-green;hr-icon-unavailable;20.03.2020                                                  22:36
Sankt Marien Krankenhaus Ratingen;Werdener Strasse 3;40878 Ratingen;Intensivstation Website;NRW;hr-icon-green;hr-icon-green;hr-icon-unavailable;22.03.2020                                                  11:50
Bethesda Krankenhaus Bergedorf;Glindersweg 80;21029 Hamburg;Intensivstation Website;HH;hr-icon-green;hr-icon-yellow;hr-icon-unavailable;21.03.2020                                                  14:36
Lungenklinik Hemer;Theo-Funccius-Str. 1;58675 Hemer;Website;NRW;hr-icon-green;hr-icon-green;hr-icon-yellow;19.03.2020                                                  08:15
Gemeinschaftskrankenhaus Havelhöhe;Kladower Damm 221;14089 Berlin;1/2 Website;BE;hr-icon-green;hr-icon-green;hr-icon-green;22.03.2020                                                  13:06
AGAPLESION DIAKONIE KLINIKEN KASSEL gGmbH;Herkulesstrasse  34;34119 Kassel;Intensivstation Website;HE;hr-icon-green;hr-icon-green;hr-icon-red;21.03.2020                                                  11:33
Asklepiosklinik Wandsbek, Hamburg;Alphonsstrasse 14;22043 Hamburg;Interdisz. Intensivstation B1-West Website;HH;hr-icon-green;hr-icon-green;hr-icon-unavailable;22.03.2020                                                  09:52
Klinik Rotes Kreuz Frankfurt/ Main;Königswarter-Str.  16;60316 Frankfurt;Intensivstation Website;HE;hr-icon-green;hr-icon-green;hr-icon-red;21.03.2020                                                  11:41
Klinikum Lichtenfels;Prof.-Arneth-Str. 2b;96215 Lichtenfels;ICU/ IMC Website;BY;hr-icon-red;hr-icon-yellow;hr-icon-red;22.03.2020                                                  10:24
Ev. Waldkrankenhaus Spandau;Stadtrandstrasse 555;13589 Berlin;14A, 14B Website;BE;hr-icon-green;hr-icon-green;hr-icon-unavailable;20.03.2020                                                  10:26
Krankenhaus Rummelsberg GmbH Schwarzenbruck b. Nürnberg - Sana AG;Rummelsberg  71;90592 Schwarzenbruck;Intensivstation und Intermediate-Care Website;BY;hr-icon-green;hr-icon-green;hr-icon-unavailable;21.03.2020                                                  06:48
Helios Hanseklinikum Stralsund;Große Parower Straße 47-53;18435 Stralsund;Interdisziplinäre Intensivstation Website;MV;hr-icon-green;hr-icon-green;hr-icon-green;22.03.2020                                                  13:17
Kliniken Beelitz GmbH / Fachkrankenhaus für Neurologische Frührehabilitation;Paracelsusring  6a;14547 Beelitz-Heilstätten;Beatmungsstation FW Website;BB;hr-icon-red;hr-icon-yellow;hr-icon-unavailable;19.03.2020                                                  14:48
Klinikum Heidenheim;Schlosshaustraße  100;89522 Heidenheim;ZFI, Station C3 Website;BW;hr-icon-green;hr-icon-green;hr-icon-unavailable;20.03.2020                                                  11:17
SRH Zentralklinikum Suhl;Albert Schweitzer Str.  2;98527 Suhl;S44 Intensiv Website;TH;hr-icon-green;hr-icon-green;hr-icon-unavailable;22.03.2020                                                  08:59
Helios Klinikum Gifhorn;Campus  6;38518 Gifhorn;1.4 (Intensiv);NI;hr-icon-yellow;hr-icon-green;hr-icon-red;18.03.2020                                                  10:45
Helios Klinikum Salzgitter;Kattowitzer Str. 191;38226 Salzgitter;Intensiv- und Überwachungsstation Website;NI;hr-icon-green;hr-icon-red;hr-icon-red;22.03.2020                                                  08:09
ELBLAND Reha- und Präventions-GmbH;Am Bobersberg  4;1558 Großenhain;Beatmungsstation 4a Website;SN;hr-icon-red;hr-icon-yellow;hr-icon-unavailable;19.03.2020                                                  14:50
Klinikum Ibbenbüren;Große Str.  41;49477 Ibbenbüren;operative Intensiv Website;NRW;hr-icon-red;hr-icon-yellow;hr-icon-green;22.03.2020                                                  11:43
Evangelisches Diakoniekrankenhaus Freiburg;Wirthstr.  11;79110 Freiburg;Interdisziplinäre Intensivstation Website;BW;hr-icon-green;hr-icon-green;hr-icon-unavailable;22.03.2020                                                  07:38
Diakonieklinikum Neunkirchen;Brunnenstrasse 20;66538 Neunkirchen;interdisziplinäre Intensivstation;SL;hr-icon-yellow;hr-icon-yellow;hr-icon-red;19.03.2020                                                  12:32
AGAPLESION Ev. Bathildiskrankenhaus;Maulbeerallee 4;31812 Bad Pyrmont;Interdisziplinäre Intensivstation Website;NI;hr-icon-green;hr-icon-green;hr-icon-red;20.03.2020                                                  07:13
St. Anna Krankenhaus;Krankenhausstraße 16;92237 Sulzbach-Rosenberg;Intensivstation Website;BY;hr-icon-red;hr-icon-yellow;hr-icon-red;22.03.2020                                                  08:12
Sana Kliniken Duisburg;Zu den Rehwiesen  9-11;47055 Duisburg;A13/A11 Website;NRW;hr-icon-yellow;hr-icon-green;hr-icon-unavailable;22.03.2020                                                  07:11
Kreiskrankenhaus Grünstadt;Westring 55;67269 Grünstadt;Intensivstation Website;RP;hr-icon-green;hr-icon-green;hr-icon-unavailable;22.03.2020                                                  12:25
Sanakrankenhaus Bad Doberan;Am Waldrand  1;18209 Hohenfelde;Intensivtherapiestation Website;MV;hr-icon-yellow;hr-icon-green;hr-icon-red;22.03.2020                                                  11:30
Katholisches Kinderkrankenhaus Wilhelmstift ;Liliencronstr. 130;22149 Hamburg;S1 Website;HH;hr-icon-green;hr-icon-green;hr-icon-unavailable;20.03.2020                                                  11:50
DRK Kinderklinik;Wellersberg Str.  60;57072 Siegen;Intensiv 1 Website;NRW;hr-icon-green;hr-icon-green;hr-icon-unavailable;17.03.2020                                                  20:14
Immanuel Klinikum Bernau Herzzentrum Brandenburg;Ladeburger Str.  17;16321 Bernau bei Berlin;Intensivstation Website;BB;hr-icon-green;hr-icon-green;hr-icon-green;22.03.2020                                                  09:58
St. Marienhospital Vechta gGmbH;Marienstraße 6-8;49377 Vechta;Interdisziplinäre Intensivstation Website;NI;hr-icon-green;hr-icon-green;hr-icon-red;17.03.2020                                                  18:41
St. Marienhospital Vechta gGmbH;Marienstraße 6-8;49377 Vechta;Interdisziplinäre Intensivstation Website;NI;hr-icon-green;hr-icon-green;hr-icon-unavailable;22.03.2020                                                  08:02
Gesundheitszentrum Glantal;Liebfrauenberg  32;55590 Meisenheim;IMC Website;RP;hr-icon-green;hr-icon-red;hr-icon-red;21.03.2020                                                  14:31
Prosper-Hospital Recklinghausen Proselis Stiftungsklinik;Mühlenstr.  27;45659 Recklinghausen;Intensiv Website;NRW;hr-icon-red;hr-icon-green;hr-icon-red;19.03.2020                                                  20:54
Asklepios Fachkliniken Teupitz und Lübben;Buchholzer Str.  21;15755 Teupitz;ITS-Teupitz und Weaning-Lübben Website;BB;hr-icon-yellow;hr-icon-green;hr-icon-unavailable;21.03.2020                                                  20:37
Martin Luther Krankenhaus, Berlin;Caspar-Theyß-Straße  27-31;14193 Berlin;Intensivstation Website;BE;hr-icon-green;hr-icon-green;hr-icon-green;22.03.2020                                                  11:38
BG Klinik Tübingen;Schnarrenbergstrasse 95;72076 Tübingen;Website;BW;hr-icon-green;hr-icon-green;hr-icon-red;20.03.2020                                                  15:41
GRN-Klinik Weinheim;Röntgenstr.  1a;69469 Weinheim;Intensivstation Website;BW;hr-icon-yellow;hr-icon-yellow;hr-icon-unavailable;20.03.2020                                                  16:19
Klinikum rechts der Isar der TU München Klinik für Anästhesiologie und Intensivmedizin;Ismaninger Str. 22;81675 München;Website;BY;hr-icon-yellow;hr-icon-yellow;hr-icon-yellow;20.03.2020                                                  09:08
Lungenklinik Neustadt;Badestrasse 23;99768 Harztor OT Neustadt;ITS und Weaningstation;TH;hr-icon-green;hr-icon-green;hr-icon-yellow;17.03.2020                                                  16:51
Pius-Hospital Oldenburg;Georgstrasse 12;26121 Oldenburg;Interdisziplinäre Intensivstation Website;NI;hr-icon-green;hr-icon-green;hr-icon-unavailable;20.03.2020                                                  16:29
St.-Antonius-Hospital gGmbH Eschweiler;Dechant-Deckers-Str.  8;52249 Eschweiler;Interdisziplinäre       Intensivstation Website;NRW;hr-icon-green;hr-icon-green;hr-icon-unavailable;20.03.2020                                                  18:50
Evangelisches Krankenhaus Oldenburg;Steinweg  13-17;26122 Oldenburg;Station 28 Website;NI;hr-icon-green;hr-icon-green;hr-icon-green;21.03.2020                                                  23:34
BG Klinikum Unfallkrankenhaus Berlin gGmbH - UKB;Warener Strasse  7;12683 Berlin;Website;BE;hr-icon-green;hr-icon-green;hr-icon-green;21.03.2020                                                  18:10
Kliniken Maria Hilf GmbH;Viersenerstraße  450;41063 Mönchengladbach;Website;NRW;hr-icon-green;hr-icon-green;hr-icon-green;20.03.2020                                                  22:37
Uniklinik Köln Internistische Intensivstation ECMO Zentrum;Kerpenerstrasse 62;50937 Köln;4b Website;NRW;hr-icon-green;hr-icon-green;hr-icon-green;21.03.2020                                                  19:26
Caritas-Klinik Berlin-Pankow;Breite Str.  46/47;13187 Berlin;Intensivstation  Website;BE;hr-icon-green;hr-icon-green;hr-icon-unavailable;22.03.2020                                                  10:02
Dr. Horst-Schmidt Kliniken Wiesbaden;Ludwig-Erhard-Straße  100;65199 Wiesbaden;Website;HE;hr-icon-green;hr-icon-green;hr-icon-green;20.03.2013                                                  09:26
Zentralklinik Bad Berka GmbH;Robert-Koch-Allee  9;99437 Bad Berka;;TH;hr-icon-green;hr-icon-green;hr-icon-green;20.03.2013                                                  09:26
Universitätsmedizin Greifswald;;17475 Greifswald;Internistische ITS;MV;hr-icon-green;hr-icon-green;hr-icon-green;20.03.2013                                                  09:26
Brandenburg: Elbe-Elster-Klinikum GmbH;Alte Prettiner Str. 1;4916 Herzberg (Elster);;BB;hr-icon-green;hr-icon-green;hr-icon-green;20.03.2013                                                  09:26
Berufsgenossenschaftliches Univ.-Klinikum Bergmannsheil Bochum;Bürkle-de-la-Camp-Platz  1;44789 Bochum;Chirurgische Intensivstation Website;NRW;hr-icon-green;hr-icon-green;hr-icon-green;21.03.2020                                                  08:49
Helios Klinikum Pforzheim;Kanzlerstraße  2-6;75175 Pforzheim;ITS Website;BW;hr-icon-green;hr-icon-green;hr-icon-green;22.03.2020                                                  13:18
Universitätsklinikum des Saarlandes;Kirrberger Strasse 100;66421 Homburg;M5-ICU;SL;hr-icon-green;hr-icon-green;hr-icon-green;17.03.2020                                                  12:07
Universitätsklinikum Essen;Hufelandstr.  55;45122 Essen;;NRW;hr-icon-green;hr-icon-green;hr-icon-green;18.03.2020                                                  10:44
Universitätsklinikum Knappschaftskrankenhaus Bochum;In der Schornau  23-25;44892 Bochum;Interdisziplinäre, operative Intensivstation Website;NRW;hr-icon-green;hr-icon-green;hr-icon-green;19.03.2020                                                  14:10
Universitätsklinikum Ulm;Albert-Einstein-Allee  23;89081 Ulm;F1;BW;hr-icon-yellow;hr-icon-green;hr-icon-green;18.03.2020                                                  12:56
Universitätsklinikum Regensburg;Franz-Josef-Strauss Allee 11;93053 Regensburg;gesamtes Klinikum Website;BY;hr-icon-green;hr-icon-green;hr-icon-green;20.03.2020                                                  20:26
Universitätsmedizin Mannheim ;Theodor Kutzer Ufer 1-3;68167 Mannheim;Gesamtkoordination Website;BW;hr-icon-yellow;hr-icon-yellow;hr-icon-green;21.03.2020                                                  11:40
imland Klinik Rendsburg;Lilienstr.  20;24768 Rendsburg;Website;SH;hr-icon-green;hr-icon-green;hr-icon-green;20.03.2020                                                  19:07
Universitätsmedizin Mainz;Langenbeckstraße  1;55131 Mainz;Anästhesiologische Intensivstation;RP;hr-icon-green;hr-icon-green;hr-icon-green;20.03.2013                                                  09:26
Helios Universitätsklinikum Wuppertal;Heusnerstr.  40;42283 Wuppertal;Operative und konservative Intensiv Website;NRW;hr-icon-green;hr-icon-green;hr-icon-green;22.03.2020                                                  10:37
Thoraxklinik des Universitätsklinikums Heidelberg;Röntgenstr.  1;69126 Heidelberg;Intensivstation 1 Website;BW;hr-icon-green;hr-icon-green;hr-icon-green;22.03.2020                                                  13:34
Universitätsklinikum Leipzig;Liebigstr. 20;4103 Leipzig;Gesamtes Klinikum Website;SN;hr-icon-green;hr-icon-green;hr-icon-green;19.03.2020                                                  15:00
ARDS und ECLS/ECMO-Zentrum Klinikum Kassel;Mönchebergstr.  38-41;34125 Kassel;ECMO-Zentrum (C73) Website;HE;hr-icon-green;hr-icon-green;hr-icon-green;22.03.2020                                                  10:46
Klinikum Herford;Schwarzenmoorstr. 70;32049 Herford;Intensivstation 1 Website;NRW;hr-icon-green;hr-icon-green;hr-icon-green;21.03.2020                                                  08:06
Asklepios Klinikum Hamburg-Harburg;Eißendorfer Pferdeweg 52;21075 Hamburg;Intensivstation 91 Website;HH;hr-icon-green;hr-icon-green;hr-icon-green;21.03.2020                                                  15:33
Universitätsklinikum Schleswig-Holstein;Ratzeburger Allee  160;23538 Lübeck;Sektion Interdisziplinäre operative Intensivmedizin Website;SH;hr-icon-green;hr-icon-green;hr-icon-green;16.03.2020                                                  12:36
Klinikum Bremen Mitte;St. Jürgenstr.  1;28177 Bremen;;HB;hr-icon-red;hr-icon-green;hr-icon-yellow;20.03.2020                                                  07:53
Barmherzige Brüder München;Romanstraße  93;80639 München;Website;BY;hr-icon-green;hr-icon-green;hr-icon-green;21.03.2020                                                  13:45
Klinikum Emden interdisziplinäre Intensivmedizin;Bolardusstr.  20;26721 Emden;Interdisziplinäre intensivmedizin Website;NI;hr-icon-green;hr-icon-green;hr-icon-green;21.03.2020                                                  11:02
Universitätsklinikum Würzburg;Oberdürrbacherstr.  6;97080 Würzburg;COVID-ICU Stationen Website;BY;hr-icon-green;hr-icon-green;hr-icon-green;22.03.2020                                                  13:56
Medizinische Hochschule Hannover;Carl-Neuberg-Strasse  1;30625 Hannover;;NI;hr-icon-green;hr-icon-green;hr-icon-green;20.03.2013                                                  09:26
Uniklinik Düsseldorf;Moorenstr.  5;40225 Düsseldorf;Intensivstation;NRW;hr-icon-green;hr-icon-green;hr-icon-green;20.03.2013                                                  09:26
RKH Klinikum Ludwigsburg;Posilipostraße  4;71640 Ludwigsburg;Stationen des Zentrums für Intensivmedizin Website;BW;hr-icon-green;hr-icon-green;hr-icon-green;22.03.2020                                                  11:47
Klinikverbund Allgäu - Klinik Immenstadt;Im Stillen  2;87509 Immenstadt/Allgäu;Intensivstation Website;BY;hr-icon-green;hr-icon-green;hr-icon-green;20.03.2020                                                  11:23
Augusta-Kliniken Bochum-Mitte;Bergstr.  26;44791 Bochum;I-12 Website;NRW;hr-icon-green;hr-icon-green;hr-icon-green;22.03.2020                                                  09:22
ARDS und ECMO Zentrum Köln-Merheim, Kliniken der Stadt Köln,;Ostmerheimerstr. 200;51109 Köln;;NRW;hr-icon-green;hr-icon-green;hr-icon-green;18.03.2020                                                  21:44
Klinikum Frankfurt Höchst;Gotenstr.  6;65929 Frankfurt/Main;Website;HE;hr-icon-green;hr-icon-green;hr-icon-green;22.03.2020                                                  09:45
Universität München Campus Großhadern;Marchioninistr.  15;81377 München;Website;BY;hr-icon-green;hr-icon-green;hr-icon-green;21.03.2020                                                  09:29
Marienhospital Osnabrück;Bischofsstrasse  1;49074 Osnabrück;Website;NI;hr-icon-green;hr-icon-green;hr-icon-green;21.03.2020                                                  15:21
Universitätsmedizin Rostock;Schillingallee  35;18057 Rostock;PIT 1+2 Website;MV;hr-icon-green;hr-icon-green;hr-icon-green;20.03.2020                                                  13:32
Klinikum Dortmund;Beurhausstr. 40;44137 Dortmund;C12 Website;NRW;hr-icon-red;hr-icon-yellow;hr-icon-yellow;18.03.2020                                                  06:07
Universitätsmedizin Göttingen;Robert-Koch-Str.  40;37075 Göttingen;Website;NI;hr-icon-green;hr-icon-green;hr-icon-green;20.03.2020                                                  22:49
Universitätsklinikum Münster;Albert-Schweitzer-Campus 1;48149 Münster;Website;NRW;hr-icon-green;hr-icon-green;hr-icon-green;19.03.2020                                                  15:47
Universitätsklinikum Tübingen;Hoppe-Seyler-Str. 3;72076 Tübingen;Website;BW;hr-icon-green;hr-icon-green;hr-icon-green;20.03.2013                                                  09:26
Universitätsklinik RWTH Aachen;Paulwelsstraße  30;52074 Aachen;OIM Website;NRW;hr-icon-yellow;hr-icon-yellow;hr-icon-yellow;19.03.2020                                                  12:27
HELIOS Klinikum Erfurt;Nordhäuserstrasse  74;99089 Erfurt;Website;TH;hr-icon-green;hr-icon-green;hr-icon-green;20.03.2020                                                  21:04
Brüderkrankenhaus Trier;Nordalle  1;54292 Trier;Intensivstation 1E2 Website;RP;hr-icon-green;hr-icon-yellow;hr-icon-green;21.03.2020                                                  10:49
Universitätsklinikum Gießen / Marburg;Rudolf-Buchheim-Straße  7;35392 Gießen;Website;HE;hr-icon-green;hr-icon-green;hr-icon-green;18.03.2020                                                  14:01
Universitätsklinikum Hamburg-Eppendorf;Martinistraße  52;20251 Hamburg;Website;HH;hr-icon-green;hr-icon-green;hr-icon-green;22.03.2020                                                  13:47
Universitätsklinikum Dresden;Fetscherstraße  74;1307 Dresden;ARDS/ECMO Zentrum Dresden (ANE-ITS) Website;SN;hr-icon-green;hr-icon-green;hr-icon-green;21.03.2020                                                  18:56
Universitätsklinikum Erlangen;Krankenhausstr.  12;91054 Erlangen;Koordination  Website;BY;hr-icon-green;hr-icon-green;hr-icon-green;21.03.2020                                                  18:03
Universitätsklinikum Bonn;Campus Venusberg  1;53127 Bonn;Operative Intensivmedizin Website;NRW;hr-icon-green;hr-icon-green;hr-icon-green;18.03.2020                                                  12:07
Klinikum Nürnberg;Prof.-Ernst-Nathan-Str. 1;90419 Nürnberg;Website;BY;hr-icon-green;hr-icon-green;hr-icon-green;20.03.2013                                                  09:26
Helios Klinikum Bad Saarow;Pieskower Straße  33;15526 Bad Saarow;ITS 1, ITS 2, ITS 3 Website;BB;hr-icon-yellow;hr-icon-green;hr-icon-green;22.03.2020                                                  09:42
Elisabeth-Krankenhaus Essen;Klara-Kopp-Weg  1;45138 Essen;kardiologisch- internistische Intensivstation Website;NRW;hr-icon-green;hr-icon-green;hr-icon-green;22.03.2020                                                  08:42
Charité - Universitätsmedizin Berlin;Augustenburger Platz  1;15535 Berlin;8i/144i/43i Website;BE;hr-icon-green;hr-icon-green;hr-icon-green;20.03.2020                                                  15:22